mode,experiment,pin,planner,transport,queue,ecn,pfc,plb,spraying,route,schedule,n,bytes,chunk,mtu,link_gbps,hop_us,queue_bytes,seed,ring,pipes,alpha_theory_s,beta_theory_s_per_byte,alpha_fit_s,beta_fit_s_per_byte,t_theory_s,t_fit_s,t_sim_s,slowdown_theory,slowdown_fit,l_max,h_max_s,l_queue,h_queue,static_cost_ps,peak_queue_bytes,peak_queue,drops,strips,bounces,rtx,nacks,pauses,sink_gaps,flows_done,flows_expected,valid
p2p,1,none,p2p,roce,composite,off,off,off,off,pinned,single_flow,4,72000,72000,9000,10,1,4608000,1,0-1,2,1.9999999999999999e-06,8.0000000000000003e-10,na,na,0.0000000000000000e+00,0.0000000000000000e+00,8.0403402000000002e-05,0.0000000000000000e+00,0.0000000000000000e+00,1,5.7599999999999997e-05,SRC0->LS0(0),SRC0->LS0(0),2000000,9064,SRC0->LS0(0),0,0,0,0,0,0,0,1,1,1
p2p,1,none,p2p,roce,composite,off,off,off,off,pinned,single_flow,4,144000,144000,9000,10,1,4608000,1,0-1,2,1.9999999999999999e-06,8.0000000000000003e-10,na,na,0.0000000000000000e+00,0.0000000000000000e+00,1.4118480599999999e-04,0.0000000000000000e+00,0.0000000000000000e+00,1,1.1519999999999999e-04,SRC0->LS0(0),SRC0->LS0(0),2000000,9064,SRC0->LS0(0),0,0,0,0,0,0,0,1,1,1
p2p,1,none,p2p,roce,composite,off,off,off,off,pinned,single_flow,4,288000,288000,9000,10,1,4608000,1,0-1,2,1.9999999999999999e-06,8.0000000000000003e-10,na,na,0.0000000000000000e+00,0.0000000000000000e+00,2.6208837800000001e-04,0.0000000000000000e+00,0.0000000000000000e+00,1,2.3039999999999999e-04,SRC0->LS0(0),SRC0->LS0(0),2000000,9064,SRC0->LS0(0),0,0,0,0,0,0,0,1,1,1
p2p,1,none,p2p,roce,composite,off,off,off,off,pinned,single_flow,4,576000,576000,9000,10,1,4608000,1,0-1,2,1.9999999999999999e-06,8.0000000000000003e-10,na,na,0.0000000000000000e+00,0.0000000000000000e+00,5.0531304699999999e-04,0.0000000000000000e+00,0.0000000000000000e+00,1,4.6079999999999998e-04,SRC0->LS0(0),SRC0->LS0(0),2000000,9064,SRC0->LS0(0),0,0,0,0,0,0,0,1,1,1
p2p,1,none,p2p,roce,composite,off,off,off,off,pinned,single_flow,4,1152000,1152000,9000,10,1,4608000,1,0-1,2,1.9999999999999999e-06,8.0000000000000003e-10,na,na,0.0000000000000000e+00,0.0000000000000000e+00,9.9197325899999999e-04,0.0000000000000000e+00,0.0000000000000000e+00,1,9.2159999999999996e-04,SRC0->LS0(0),SRC0->LS0(0),2000000,9064,SRC0->LS0(0),0,0,0,0,0,0,0,1,1,1
p2p,1,none,p2p,roce,composite,off,off,off,off,pinned,single_flow,4,2304000,2304000,9000,10,1,4608000,1,0-1,2,1.9999999999999999e-06,8.0000000000000003e-10,na,na,0.0000000000000000e+00,0.0000000000000000e+00,1.9673075670000001e-03,0.0000000000000000e+00,0.0000000000000000e+00,1,1.8431999999999999e-03,SRC0->LS0(0),SRC0->LS0(0),2000000,9064,SRC0->LS0(0),0,0,0,0,0,0,0,1,1,1
collective,1,none,rank_order,roce,composite,off,off,off,off,pinned,round_synchronous_not_nccl_pipeline,4,2304000,576000,9000,10,1,4608000,1,0-1-2-3-0,2,1.9999999999999999e-06,8.0000000000000003e-10,1.8907682910447674e-05,8.4541983279041307e-10,2.7767999999999998e-03,3.0352170395863535e-03,3.0426220549999998e-03,1.0957296366320946e+00,1.0024396988146376e+00,1,4.6079999999999998e-04,LS0->DST0(0),LS0->DST0(0),8000000,18192,SRC1->LS0(0),0,0,0,0,0,0,0,24,24,1
p2p,2,spine0,p2p,roce,composite,off,off,off,off,pinned,single_flow,4,72000,72000,9000,10,1,4608000,1,0-2,4,3.9999999999999998e-06,8.0000000000000003e-10,na,na,0.0000000000000000e+00,0.0000000000000000e+00,9.8826957000000003e-05,0.0000000000000000e+00,0.0000000000000000e+00,1,5.7599999999999997e-05,SRC0->LS0(0),SRC0->LS0(0),4000000,9064,SRC0->LS0(0),0,0,0,0,0,0,0,1,1,1
p2p,2,spine0,p2p,roce,composite,off,off,off,off,pinned,single_flow,4,144000,144000,9000,10,1,4608000,1,0-2,4,3.9999999999999998e-06,8.0000000000000003e-10,na,na,0.0000000000000000e+00,0.0000000000000000e+00,1.5972625100000001e-04,0.0000000000000000e+00,0.0000000000000000e+00,1,1.1519999999999999e-04,SRC0->LS0(0),SRC0->LS0(0),4000000,9064,SRC0->LS0(0),0,0,0,0,0,0,0,1,1,1
p2p,2,spine0,p2p,roce,composite,off,off,off,off,pinned,single_flow,4,288000,288000,9000,10,1,4608000,1,0-2,4,3.9999999999999998e-06,8.0000000000000003e-10,na,na,0.0000000000000000e+00,0.0000000000000000e+00,2.8155408199999999e-04,0.0000000000000000e+00,0.0000000000000000e+00,1,2.3039999999999999e-04,SRC0->LS0(0),SRC0->LS0(0),4000000,9064,SRC0->LS0(0),0,0,0,0,0,0,0,1,1,1
p2p,2,spine0,p2p,roce,composite,off,off,off,off,pinned,single_flow,4,576000,576000,9000,10,1,4608000,1,0-2,4,3.9999999999999998e-06,8.0000000000000003e-10,na,na,0.0000000000000000e+00,0.0000000000000000e+00,5.2503668299999997e-04,0.0000000000000000e+00,0.0000000000000000e+00,1,4.6079999999999998e-04,SRC0->LS0(0),SRC0->LS0(0),4000000,9064,SRC0->LS0(0),0,0,0,0,0,0,0,1,1,1
p2p,2,spine0,p2p,roce,composite,off,off,off,off,pinned,single_flow,4,1152000,1152000,9000,10,1,4608000,1,0-2,4,3.9999999999999998e-06,8.0000000000000003e-10,na,na,0.0000000000000000e+00,0.0000000000000000e+00,1.0124382029999999e-03,0.0000000000000000e+00,0.0000000000000000e+00,1,9.2159999999999996e-04,SRC0->LS0(0),SRC0->LS0(0),4000000,9064,SRC0->LS0(0),0,0,0,0,0,0,0,1,1,1
p2p,2,spine0,p2p,roce,composite,off,off,off,off,pinned,single_flow,4,2304000,2304000,9000,10,1,4608000,1,0-2,4,3.9999999999999998e-06,8.0000000000000003e-10,na,na,0.0000000000000000e+00,0.0000000000000000e+00,1.9902244590000000e-03,0.0000000000000000e+00,0.0000000000000000e+00,1,1.8431999999999999e-03,SRC0->LS0(0),SRC0->LS0(0),4000000,9064,SRC0->LS0(0),0,0,0,0,0,0,0,1,1,1
collective,2,spread,fixed,roce,composite,off,off,off,off,pinned,round_synchronous_not_nccl_pipeline,4,2304000,576000,9000,10,1,4608000,1,0-2-1-3-0,4,3.9999999999999998e-06,8.0000000000000003e-10,3.7385481164179161e-05,8.4733107319553014e-10,2.7888000000000001e-03,3.1526890759488273e-03,3.1612047739999999e-03,1.1335358483935742e+00,1.0027010903536719e+00,1,4.6079999999999998e-04,LS0->DST0(0),LS0->DST0(0),16000000,18192,SRC0->LS0(0),0,0,0,0,0,0,0,24,24,1
collective,2,stack,fixed,roce,composite,off,off,off,off,pinned,round_synchronous_not_nccl_pipeline,4,2304000,576000,9000,10,1,4608000,1,0-2-1-3-0,4,3.9999999999999998e-06,8.0000000000000003e-10,3.7385481164179161e-05,8.4733107319553014e-10,2.7888000000000001e-03,3.1526890759488273e-03,5.8328946930000002e-03,2.0915428474612736e+00,1.8501331886794270e+00,2,9.2159999999999996e-04,US0->LS_0(0),US0->LS_0(0),16000000,571160,LS0->US0(0),0,0,0,0,0,0,0,24,24,1
