ring,reverse,inter_site,static_cost_ps,l_max,h_max_s,t_fit_s,t_sim_s,slowdown_fit,peak_queue_bytes,peak_queue,fiber_peak_bytes,drops,strips,bounces,rtx,nacks,pauses,sink_gaps,flows_done,flows_expected,valid,min_static_cost,tsp_selected,alpha_same_s,beta_same_s_per_byte,alpha_cross_s,beta_cross_s_per_byte,n,bytes,chunk,seed,pin
0-1-2-3-4-5-0,0-5-4-3-2-1-0,2,22000000,1,4.6079999999999998e-04,5.1631493110163469e-03,5.1621792389999997e-03,9.9981211621862698e-01,18192,SRC1->ML,9128,0,0,0,0,0,0,0,60,60,1,0,0,2.2594668308457749e-05,8.4502127428334513e-10,2.8111787960199085e-05,8.4757490128721464e-10,6,3456000,576000,1,shortest
0-1-2-3-5-4-0,0-4-5-3-2-1-0,2,22000000,1,4.6079999999999998e-04,5.1631493110163469e-03,5.1621792389999997e-03,9.9981211621862698e-01,18192,SRC1->ML,9128,0,0,0,0,0,0,0,60,60,1,0,0,2.2594668308457749e-05,8.4502127428334513e-10,2.8111787960199085e-05,8.4757490128721464e-10,6,3456000,576000,1,shortest
0-1-2-4-3-5-0,0-5-3-4-2-1-0,2,22000000,1,4.6079999999999998e-04,5.1631493110163469e-03,5.1621792389999997e-03,9.9981211621862698e-01,18192,SRC1->ML,9128,0,0,0,0,0,0,0,60,60,1,0,0,2.2594668308457749e-05,8.4502127428334513e-10,2.8111787960199085e-05,8.4757490128721464e-10,6,3456000,576000,1,shortest
0-1-2-4-5-3-0,0-3-5-4-2-1-0,2,22000000,1,4.6079999999999998e-04,5.1631493110163469e-03,5.1621792389999997e-03,9.9981211621862698e-01,18192,SRC1->ML,9128,0,0,0,0,0,0,0,60,60,1,0,0,2.2594668308457749e-05,8.4502127428334513e-10,2.8111787960199085e-05,8.4757490128721464e-10,6,3456000,576000,1,shortest
0-1-2-5-3-4-0,0-4-3-5-2-1-0,2,22000000,1,4.6079999999999998e-04,5.1631493110163469e-03,5.1621792389999997e-03,9.9981211621862698e-01,18192,SRC1->ML,9128,0,0,0,0,0,0,0,60,60,1,0,0,2.2594668308457749e-05,8.4502127428334513e-10,2.8111787960199085e-05,8.4757490128721464e-10,6,3456000,576000,1,shortest
0-1-2-5-4-3-0,0-3-4-5-2-1-0,2,22000000,1,4.6079999999999998e-04,5.1631493110163469e-03,5.1621792389999997e-03,9.9981211621862698e-01,18192,SRC1->ML,9128,0,0,0,0,0,0,0,60,60,1,0,0,2.2594668308457749e-05,8.4502127428334513e-10,2.8111787960199085e-05,8.4757490128721464e-10,6,3456000,576000,1,shortest
0-1-3-2-4-5-0,0-5-4-2-3-1-0,4,20000000,2,9.2159999999999996e-04,5.1631493110163469e-03,9.6283096459999998e-03,1.8648133272955267e+00,571160,BL->BR,571160,0,0,0,0,0,0,0,60,60,1,0,0,2.2594668308457749e-05,8.4502127428334513e-10,2.8111787960199085e-05,8.4757490128721464e-10,6,3456000,576000,1,shortest
0-1-3-2-5-4-0,0-4-5-2-3-1-0,4,20000000,2,9.2159999999999996e-04,5.1631493110163469e-03,9.6283096459999998e-03,1.8648133272955267e+00,571160,BL->BR,571160,0,0,0,0,0,0,0,60,60,1,0,0,2.2594668308457749e-05,8.4502127428334513e-10,2.8111787960199085e-05,8.4757490128721464e-10,6,3456000,576000,1,shortest
0-1-3-4-2-5-0,0-5-2-4-3-1-0,4,20000000,2,9.2159999999999996e-04,5.1631493110163469e-03,9.6279660439999998e-03,1.8647467783775500e+00,571160,BL->BR,571160,0,0,0,0,0,0,0,60,60,1,0,0,2.2594668308457749e-05,8.4502127428334513e-10,2.8111787960199085e-05,8.4757490128721464e-10,6,3456000,576000,1,shortest
0-1-3-4-5-2-0,0-2-5-4-3-1-0,2,22000000,1,4.6079999999999998e-04,5.1631493110163469e-03,5.1565265200000003e-03,9.9871729624355121e-01,18192,ML->DST0,18192,0,0,0,0,0,0,0,60,60,1,0,0,2.2594668308457749e-05,8.4502127428334513e-10,2.8111787960199085e-05,8.4757490128721464e-10,6,3456000,576000,1,shortest
0-1-3-5-2-4-0,0-4-2-5-3-1-0,4,20000000,2,9.2159999999999996e-04,5.1631493110163469e-03,9.6279660439999998e-03,1.8647467783775500e+00,571160,BL->BR,571160,0,0,0,0,0,0,0,60,60,1,0,0,2.2594668308457749e-05,8.4502127428334513e-10,2.8111787960199085e-05,8.4757490128721464e-10,6,3456000,576000,1,shortest
0-1-3-5-4-2-0,0-2-4-5-3-1-0,2,22000000,1,4.6079999999999998e-04,5.1631493110163469e-03,5.1565265200000003e-03,9.9871729624355121e-01,18192,ML->DST0,18192,0,0,0,0,0,0,0,60,60,1,0,0,2.2594668308457749e-05,8.4502127428334513e-10,2.8111787960199085e-05,8.4757490128721464e-10,6,3456000,576000,1,shortest
0-1-4-2-3-5-0,0-5-3-2-4-1-0,4,20000000,2,9.2159999999999996e-04,5.1631493110163469e-03,9.6283096459999998e-03,1.8648133272955267e+00,571160,BL->BR,571160,0,0,0,0,0,0,0,60,60,1,0,0,2.2594668308457749e-05,8.4502127428334513e-10,2.8111787960199085e-05,8.4757490128721464e-10,6,3456000,576000,1,shortest
0-1-4-2-5-3-0,0-3-5-2-4-1-0,4,20000000,2,9.2159999999999996e-04,5.1631493110163469e-03,9.6283096459999998e-03,1.8648133272955267e+00,571160,BL->BR,571160,0,0,0,0,0,0,0,60,60,1,0,0,2.2594668308457749e-05,8.4502127428334513e-10,2.8111787960199085e-05,8.4757490128721464e-10,6,3456000,576000,1,shortest
0-1-4-3-2-5-0,0-5-2-3-4-1-0,4,20000000,2,9.2159999999999996e-04,5.1631493110163469e-03,9.6279660439999998e-03,1.8647467783775500e+00,571160,BL->BR,571160,0,0,0,0,0,0,0,60,60,1,0,0,2.2594668308457749e-05,8.4502127428334513e-10,2.8111787960199085e-05,8.4757490128721464e-10,6,3456000,576000,1,shortest
0-1-4-3-5-2-0,0-2-5-3-4-1-0,2,22000000,1,4.6079999999999998e-04,5.1631493110163469e-03,5.1565265200000003e-03,9.9871729624355121e-01,18192,ML->DST0,18192,0,0,0,0,0,0,0,60,60,1,0,0,2.2594668308457749e-05,8.4502127428334513e-10,2.8111787960199085e-05,8.4757490128721464e-10,6,3456000,576000,1,shortest
0-1-4-5-2-3-0,0-3-2-5-4-1-0,4,20000000,2,9.2159999999999996e-04,5.1631493110163469e-03,9.6279660439999998e-03,1.8647467783775500e+00,571160,BL->BR,571160,0,0,0,0,0,0,0,60,60,1,0,0,2.2594668308457749e-05,8.4502127428334513e-10,2.8111787960199085e-05,8.4757490128721464e-10,6,3456000,576000,1,shortest
0-1-4-5-3-2-0,0-2-3-5-4-1-0,2,22000000,1,4.6079999999999998e-04,5.1631493110163469e-03,5.1565265200000003e-03,9.9871729624355121e-01,18192,ML->DST0,18192,0,0,0,0,0,0,0,60,60,1,0,0,2.2594668308457749e-05,8.4502127428334513e-10,2.8111787960199085e-05,8.4757490128721464e-10,6,3456000,576000,1,shortest
0-1-5-2-3-4-0,0-4-3-2-5-1-0,4,20000000,2,9.2159999999999996e-04,5.1631493110163469e-03,9.6283096459999998e-03,1.8648133272955267e+00,571160,BL->BR,571160,0,0,0,0,0,0,0,60,60,1,0,0,2.2594668308457749e-05,8.4502127428334513e-10,2.8111787960199085e-05,8.4757490128721464e-10,6,3456000,576000,1,shortest
0-1-5-2-4-3-0,0-3-4-2-5-1-0,4,20000000,2,9.2159999999999996e-04,5.1631493110163469e-03,9.6283096459999998e-03,1.8648133272955267e+00,571160,BL->BR,571160,0,0,0,0,0,0,0,60,60,1,0,0,2.2594668308457749e-05,8.4502127428334513e-10,2.8111787960199085e-05,8.4757490128721464e-10,6,3456000,576000,1,shortest
0-1-5-3-2-4-0,0-4-2-3-5-1-0,4,20000000,2,9.2159999999999996e-04,5.1631493110163469e-03,9.6279660439999998e-03,1.8647467783775500e+00,571160,BL->BR,571160,0,0,0,0,0,0,0,60,60,1,0,0,2.2594668308457749e-05,8.4502127428334513e-10,2.8111787960199085e-05,8.4757490128721464e-10,6,3456000,576000,1,shortest
0-1-5-3-4-2-0,0-2-4-3-5-1-0,2,22000000,1,4.6079999999999998e-04,5.1631493110163469e-03,5.1565265200000003e-03,9.9871729624355121e-01,18192,ML->DST0,18192,0,0,0,0,0,0,0,60,60,1,0,0,2.2594668308457749e-05,8.4502127428334513e-10,2.8111787960199085e-05,8.4757490128721464e-10,6,3456000,576000,1,shortest
0-1-5-4-2-3-0,0-3-2-4-5-1-0,4,20000000,2,9.2159999999999996e-04,5.1631493110163469e-03,9.6279660439999998e-03,1.8647467783775500e+00,571160,BL->BR,571160,0,0,0,0,0,0,0,60,60,1,0,0,2.2594668308457749e-05,8.4502127428334513e-10,2.8111787960199085e-05,8.4757490128721464e-10,6,3456000,576000,1,shortest
0-1-5-4-3-2-0,0-2-3-4-5-1-0,2,22000000,1,4.6079999999999998e-04,5.1631493110163469e-03,5.1565265200000003e-03,9.9871729624355121e-01,18192,ML->DST0,18192,0,0,0,0,0,0,0,60,60,1,0,0,2.2594668308457749e-05,8.4502127428334513e-10,2.8111787960199085e-05,8.4757490128721464e-10,6,3456000,576000,1,shortest
0-2-1-3-4-5-0,0-5-4-3-1-2-0,2,22000000,1,4.6079999999999998e-04,5.1631493110163469e-03,5.1621792389999997e-03,9.9981211621862698e-01,18192,SRC2->ML,9128,0,0,0,0,0,0,0,60,60,1,0,0,2.2594668308457749e-05,8.4502127428334513e-10,2.8111787960199085e-05,8.4757490128721464e-10,6,3456000,576000,1,shortest
0-2-1-3-5-4-0,0-4-5-3-1-2-0,2,22000000,1,4.6079999999999998e-04,5.1631493110163469e-03,5.1621792389999997e-03,9.9981211621862698e-01,18192,SRC2->ML,9128,0,0,0,0,0,0,0,60,60,1,0,0,2.2594668308457749e-05,8.4502127428334513e-10,2.8111787960199085e-05,8.4757490128721464e-10,6,3456000,576000,1,shortest
0-2-1-4-3-5-0,0-5-3-4-1-2-0,2,22000000,1,4.6079999999999998e-04,5.1631493110163469e-03,5.1621792389999997e-03,9.9981211621862698e-01,18192,SRC2->ML,9128,0,0,0,0,0,0,0,60,60,1,0,0,2.2594668308457749e-05,8.4502127428334513e-10,2.8111787960199085e-05,8.4757490128721464e-10,6,3456000,576000,1,shortest
0-2-1-4-5-3-0,0-3-5-4-1-2-0,2,22000000,1,4.6079999999999998e-04,5.1631493110163469e-03,5.1621792389999997e-03,9.9981211621862698e-01,18192,SRC2->ML,9128,0,0,0,0,0,0,0,60,60,1,0,0,2.2594668308457749e-05,8.4502127428334513e-10,2.8111787960199085e-05,8.4757490128721464e-10,6,3456000,576000,1,shortest
0-2-1-5-3-4-0,0-4-3-5-1-2-0,2,22000000,1,4.6079999999999998e-04,5.1631493110163469e-03,5.1621792389999997e-03,9.9981211621862698e-01,18192,SRC2->ML,9128,0,0,0,0,0,0,0,60,60,1,0,0,2.2594668308457749e-05,8.4502127428334513e-10,2.8111787960199085e-05,8.4757490128721464e-10,6,3456000,576000,1,shortest
0-2-1-5-4-3-0,0-3-4-5-1-2-0,2,22000000,1,4.6079999999999998e-04,5.1631493110163469e-03,5.1621792389999997e-03,9.9981211621862698e-01,18192,SRC2->ML,9128,0,0,0,0,0,0,0,60,60,1,0,0,2.2594668308457749e-05,8.4502127428334513e-10,2.8111787960199085e-05,8.4757490128721464e-10,6,3456000,576000,1,shortest
0-2-3-1-4-5-0,0-5-4-1-3-2-0,4,20000000,2,9.2159999999999996e-04,5.1631493110163469e-03,9.6283096459999998e-03,1.8648133272955267e+00,571160,BL->BR,571160,0,0,0,0,0,0,0,60,60,1,0,0,2.2594668308457749e-05,8.4502127428334513e-10,2.8111787960199085e-05,8.4757490128721464e-10,6,3456000,576000,1,shortest
0-2-3-1-5-4-0,0-4-5-1-3-2-0,4,20000000,2,9.2159999999999996e-04,5.1631493110163469e-03,9.6283096459999998e-03,1.8648133272955267e+00,571160,BL->BR,571160,0,0,0,0,0,0,0,60,60,1,0,0,2.2594668308457749e-05,8.4502127428334513e-10,2.8111787960199085e-05,8.4757490128721464e-10,6,3456000,576000,1,shortest
0-2-3-4-1-5-0,0-5-1-4-3-2-0,4,20000000,2,9.2159999999999996e-04,5.1631493110163469e-03,9.6279660439999998e-03,1.8647467783775500e+00,571160,BL->BR,571160,0,0,0,0,0,0,0,60,60,1,0,0,2.2594668308457749e-05,8.4502127428334513e-10,2.8111787960199085e-05,8.4757490128721464e-10,6,3456000,576000,1,shortest
0-2-3-4-5-1-0,0-1-5-4-3-2-0,2,22000000,1,4.6079999999999998e-04,5.1631493110163469e-03,5.1565265200000003e-03,9.9871729624355121e-01,18192,ML->DST0,18192,0,0,0,0,0,0,0,60,60,1,0,0,2.2594668308457749e-05,8.4502127428334513e-10,2.8111787960199085e-05,8.4757490128721464e-10,6,3456000,576000,1,shortest
0-2-3-5-1-4-0,0-4-1-5-3-2-0,4,20000000,2,9.2159999999999996e-04,5.1631493110163469e-03,9.6279660439999998e-03,1.8647467783775500e+00,571160,BL->BR,571160,0,0,0,0,0,0,0,60,60,1,0,0,2.2594668308457749e-05,8.4502127428334513e-10,2.8111787960199085e-05,8.4757490128721464e-10,6,3456000,576000,1,shortest
0-2-3-5-4-1-0,0-1-4-5-3-2-0,2,22000000,1,4.6079999999999998e-04,5.1631493110163469e-03,5.1565265200000003e-03,9.9871729624355121e-01,18192,ML->DST0,18192,0,0,0,0,0,0,0,60,60,1,0,0,2.2594668308457749e-05,8.4502127428334513e-10,2.8111787960199085e-05,8.4757490128721464e-10,6,3456000,576000,1,shortest
0-2-4-1-3-5-0,0-5-3-1-4-2-0,4,20000000,2,9.2159999999999996e-04,5.1631493110163469e-03,9.6283096459999998e-03,1.8648133272955267e+00,571160,BL->BR,571160,0,0,0,0,0,0,0,60,60,1,0,0,2.2594668308457749e-05,8.4502127428334513e-10,2.8111787960199085e-05,8.4757490128721464e-10,6,3456000,576000,1,shortest
0-2-4-1-5-3-0,0-3-5-1-4-2-0,4,20000000,2,9.2159999999999996e-04,5.1631493110163469e-03,9.6283096459999998e-03,1.8648133272955267e+00,571160,BL->BR,571160,0,0,0,0,0,0,0,60,60,1,0,0,2.2594668308457749e-05,8.4502127428334513e-10,2.8111787960199085e-05,8.4757490128721464e-10,6,3456000,576000,1,shortest
0-2-4-3-1-5-0,0-5-1-3-4-2-0,4,20000000,2,9.2159999999999996e-04,5.1631493110163469e-03,9.6279660439999998e-03,1.8647467783775500e+00,571160,BL->BR,571160,0,0,0,0,0,0,0,60,60,1,0,0,2.2594668308457749e-05,8.4502127428334513e-10,2.8111787960199085e-05,8.4757490128721464e-10,6,3456000,576000,1,shortest
0-2-4-3-5-1-0,0-1-5-3-4-2-0,2,22000000,1,4.6079999999999998e-04,5.1631493110163469e-03,5.1565265200000003e-03,9.9871729624355121e-01,18192,ML->DST0,18192,0,0,0,0,0,0,0,60,60,1,0,0,2.2594668308457749e-05,8.4502127428334513e-10,2.8111787960199085e-05,8.4757490128721464e-10,6,3456000,576000,1,shortest
0-2-4-5-1-3-0,0-3-1-5-4-2-0,4,20000000,2,9.2159999999999996e-04,5.1631493110163469e-03,9.6279660439999998e-03,1.8647467783775500e+00,571160,BL->BR,571160,0,0,0,0,0,0,0,60,60,1,0,0,2.2594668308457749e-05,8.4502127428334513e-10,2.8111787960199085e-05,8.4757490128721464e-10,6,3456000,576000,1,shortest
0-2-4-5-3-1-0,0-1-3-5-4-2-0,2,22000000,1,4.6079999999999998e-04,5.1631493110163469e-03,5.1565265200000003e-03,9.9871729624355121e-01,18192,ML->DST0,18192,0,0,0,0,0,0,0,60,60,1,0,0,2.2594668308457749e-05,8.4502127428334513e-10,2.8111787960199085e-05,8.4757490128721464e-10,6,3456000,576000,1,shortest
0-2-5-1-3-4-0,0-4-3-1-5-2-0,4,20000000,2,9.2159999999999996e-04,5.1631493110163469e-03,9.6283096459999998e-03,1.8648133272955267e+00,571160,BL->BR,571160,0,0,0,0,0,0,0,60,60,1,0,0,2.2594668308457749e-05,8.4502127428334513e-10,2.8111787960199085e-05,8.4757490128721464e-10,6,3456000,576000,1,shortest
0-2-5-1-4-3-0,0-3-4-1-5-2-0,4,20000000,2,9.2159999999999996e-04,5.1631493110163469e-03,9.6283096459999998e-03,1.8648133272955267e+00,571160,BL->BR,571160,0,0,0,0,0,0,0,60,60,1,0,0,2.2594668308457749e-05,8.4502127428334513e-10,2.8111787960199085e-05,8.4757490128721464e-10,6,3456000,576000,1,shortest
0-2-5-3-1-4-0,0-4-1-3-5-2-0,4,20000000,2,9.2159999999999996e-04,5.1631493110163469e-03,9.6279660439999998e-03,1.8647467783775500e+00,571160,BL->BR,571160,0,0,0,0,0,0,0,60,60,1,0,0,2.2594668308457749e-05,8.4502127428334513e-10,2.8111787960199085e-05,8.4757490128721464e-10,6,3456000,576000,1,shortest
0-2-5-3-4-1-0,0-1-4-3-5-2-0,2,22000000,1,4.6079999999999998e-04,5.1631493110163469e-03,5.1565265200000003e-03,9.9871729624355121e-01,18192,ML->DST0,18192,0,0,0,0,0,0,0,60,60,1,0,0,2.2594668308457749e-05,8.4502127428334513e-10,2.8111787960199085e-05,8.4757490128721464e-10,6,3456000,576000,1,shortest
0-2-5-4-1-3-0,0-3-1-4-5-2-0,4,20000000,2,9.2159999999999996e-04,5.1631493110163469e-03,9.6279660439999998e-03,1.8647467783775500e+00,571160,BL->BR,571160,0,0,0,0,0,0,0,60,60,1,0,0,2.2594668308457749e-05,8.4502127428334513e-10,2.8111787960199085e-05,8.4757490128721464e-10,6,3456000,576000,1,shortest
0-2-5-4-3-1-0,0-1-3-4-5-2-0,2,22000000,1,4.6079999999999998e-04,5.1631493110163469e-03,5.1565265200000003e-03,9.9871729624355121e-01,18192,ML->DST0,18192,0,0,0,0,0,0,0,60,60,1,0,0,2.2594668308457749e-05,8.4502127428334513e-10,2.8111787960199085e-05,8.4757490128721464e-10,6,3456000,576000,1,shortest
0-3-1-2-4-5-0,0-5-4-2-1-3-0,4,20000000,2,9.2159999999999996e-04,5.1631493110163469e-03,9.6279667360000005e-03,1.8647469124042766e+00,571096,BL->BR,571096,0,0,0,0,0,0,0,60,60,1,0,0,2.2594668308457749e-05,8.4502127428334513e-10,2.8111787960199085e-05,8.4757490128721464e-10,6,3456000,576000,1,shortest
0-3-1-2-5-4-0,0-4-5-2-1-3-0,4,20000000,2,9.2159999999999996e-04,5.1631493110163469e-03,9.6279667360000005e-03,1.8647469124042766e+00,571096,BL->BR,571096,0,0,0,0,0,0,0,60,60,1,0,0,2.2594668308457749e-05,8.4502127428334513e-10,2.8111787960199085e-05,8.4757490128721464e-10,6,3456000,576000,1,shortest
0-3-1-4-2-5-0,0-5-2-4-1-3-0,6,18000000,3,1.3824000000000000e-03,5.1631493110163469e-03,1.4300534104000000e-02,2.7697308837239478e+00,1151256,BL->BR,1151256,0,0,0,0,0,0,0,60,60,1,1,0,2.2594668308457749e-05,8.4502127428334513e-10,2.8111787960199085e-05,8.4757490128721464e-10,6,3456000,576000,1,shortest
0-3-1-4-5-2-0,0-2-5-4-1-3-0,4,20000000,2,9.2159999999999996e-04,5.1631493110163469e-03,9.6286807519999993e-03,1.8648852031948364e+00,571160,BR->BL,571160,0,0,0,0,0,0,0,60,60,1,0,0,2.2594668308457749e-05,8.4502127428334513e-10,2.8111787960199085e-05,8.4757490128721464e-10,6,3456000,576000,1,shortest
0-3-1-5-2-4-0,0-4-2-5-1-3-0,6,18000000,3,1.3824000000000000e-03,5.1631493110163469e-03,1.4300534104000000e-02,2.7697308837239478e+00,1151256,BL->BR,1151256,0,0,0,0,0,0,0,60,60,1,1,0,2.2594668308457749e-05,8.4502127428334513e-10,2.8111787960199085e-05,8.4757490128721464e-10,6,3456000,576000,1,shortest
0-3-1-5-4-2-0,0-2-4-5-1-3-0,4,20000000,2,9.2159999999999996e-04,5.1631493110163469e-03,9.6286807519999993e-03,1.8648852031948364e+00,571160,BR->BL,571160,0,0,0,0,0,0,0,60,60,1,0,0,2.2594668308457749e-05,8.4502127428334513e-10,2.8111787960199085e-05,8.4757490128721464e-10,6,3456000,576000,1,shortest
0-3-2-1-4-5-0,0-5-4-1-2-3-0,4,20000000,2,9.2159999999999996e-04,5.1631493110163469e-03,9.6279667360000005e-03,1.8647469124042766e+00,571096,BL->BR,571096,0,0,0,0,0,0,0,60,60,1,0,0,2.2594668308457749e-05,8.4502127428334513e-10,2.8111787960199085e-05,8.4757490128721464e-10,6,3456000,576000,1,shortest
0-3-2-1-5-4-0,0-4-5-1-2-3-0,4,20000000,2,9.2159999999999996e-04,5.1631493110163469e-03,9.6279667360000005e-03,1.8647469124042766e+00,571096,BL->BR,571096,0,0,0,0,0,0,0,60,60,1,0,0,2.2594668308457749e-05,8.4502127428334513e-10,2.8111787960199085e-05,8.4757490128721464e-10,6,3456000,576000,1,shortest
0-3-2-4-1-5-0,0-5-1-4-2-3-0,6,18000000,3,1.3824000000000000e-03,5.1631493110163469e-03,1.4300534104000000e-02,2.7697308837239478e+00,1151256,BL->BR,1151256,0,0,0,0,0,0,0,60,60,1,1,0,2.2594668308457749e-05,8.4502127428334513e-10,2.8111787960199085e-05,8.4757490128721464e-10,6,3456000,576000,1,shortest
0-3-2-4-5-1-0,0-1-5-4-2-3-0,4,20000000,2,9.2159999999999996e-04,5.1631493110163469e-03,9.6286807519999993e-03,1.8648852031948364e+00,571160,BR->BL,571160,0,0,0,0,0,0,0,60,60,1,0,0,2.2594668308457749e-05,8.4502127428334513e-10,2.8111787960199085e-05,8.4757490128721464e-10,6,3456000,576000,1,shortest
0-3-2-5-1-4-0,0-4-1-5-2-3-0,6,18000000,3,1.3824000000000000e-03,5.1631493110163469e-03,1.4300534104000000e-02,2.7697308837239478e+00,1151256,BL->BR,1151256,0,0,0,0,0,0,0,60,60,1,1,0,2.2594668308457749e-05,8.4502127428334513e-10,2.8111787960199085e-05,8.4757490128721464e-10,6,3456000,576000,1,shortest
0-3-2-5-4-1-0,0-1-4-5-2-3-0,4,20000000,2,9.2159999999999996e-04,5.1631493110163469e-03,9.6286807519999993e-03,1.8648852031948364e+00,571160,BR->BL,571160,0,0,0,0,0,0,0,60,60,1,0,0,2.2594668308457749e-05,8.4502127428334513e-10,2.8111787960199085e-05,8.4757490128721464e-10,6,3456000,576000,1,shortest
0-3-4-1-2-5-0,0-5-2-1-4-3-0,4,20000000,2,9.2159999999999996e-04,5.1631493110163469e-03,9.6277902919999995e-03,1.8647127386879316e+00,571096,BL->BR,571096,0,0,0,0,0,0,0,60,60,1,0,0,2.2594668308457749e-05,8.4502127428334513e-10,2.8111787960199085e-05,8.4757490128721464e-10,6,3456000,576000,1,shortest
0-3-4-1-5-2-0,0-2-5-1-4-3-0,4,20000000,2,9.2159999999999996e-04,5.1631493110163469e-03,9.6287539959999998e-03,1.8648993891103673e+00,571096,BL->BR,571096,0,0,0,0,0,0,0,60,60,1,0,0,2.2594668308457749e-05,8.4502127428334513e-10,2.8111787960199085e-05,8.4757490128721464e-10,6,3456000,576000,1,shortest
0-3-4-2-1-5-0,0-5-1-2-4-3-0,4,20000000,2,9.2159999999999996e-04,5.1631493110163469e-03,9.6277902919999995e-03,1.8647127386879316e+00,571096,BL->BR,571096,0,0,0,0,0,0,0,60,60,1,0,0,2.2594668308457749e-05,8.4502127428334513e-10,2.8111787960199085e-05,8.4757490128721464e-10,6,3456000,576000,1,shortest
0-3-4-2-5-1-0,0-1-5-2-4-3-0,4,20000000,2,9.2159999999999996e-04,5.1631493110163469e-03,9.6287539959999998e-03,1.8648993891103673e+00,571096,BL->BR,571096,0,0,0,0,0,0,0,60,60,1,0,0,2.2594668308457749e-05,8.4502127428334513e-10,2.8111787960199085e-05,8.4757490128721464e-10,6,3456000,576000,1,shortest
0-3-4-5-1-2-0,0-2-1-5-4-3-0,2,22000000,1,4.6079999999999998e-04,5.1631493110163469e-03,5.1586009279999999e-03,9.9911906808376771e-01,18192,SRC2->ML,18192,0,0,0,0,0,0,0,60,60,1,0,0,2.2594668308457749e-05,8.4502127428334513e-10,2.8111787960199085e-05,8.4757490128721464e-10,6,3456000,576000,1,shortest
0-3-4-5-2-1-0,0-1-2-5-4-3-0,2,22000000,1,4.6079999999999998e-04,5.1631493110163469e-03,5.1586009279999999e-03,9.9911906808376771e-01,18192,SRC1->ML,18192,0,0,0,0,0,0,0,60,60,1,0,0,2.2594668308457749e-05,8.4502127428334513e-10,2.8111787960199085e-05,8.4757490128721464e-10,6,3456000,576000,1,shortest
0-3-5-1-2-4-0,0-4-2-1-5-3-0,4,20000000,2,9.2159999999999996e-04,5.1631493110163469e-03,9.6277902919999995e-03,1.8647127386879316e+00,571096,BL->BR,571096,0,0,0,0,0,0,0,60,60,1,0,0,2.2594668308457749e-05,8.4502127428334513e-10,2.8111787960199085e-05,8.4757490128721464e-10,6,3456000,576000,1,shortest
0-3-5-1-4-2-0,0-2-4-1-5-3-0,4,20000000,2,9.2159999999999996e-04,5.1631493110163469e-03,9.6287539959999998e-03,1.8648993891103673e+00,571096,BL->BR,571096,0,0,0,0,0,0,0,60,60,1,0,0,2.2594668308457749e-05,8.4502127428334513e-10,2.8111787960199085e-05,8.4757490128721464e-10,6,3456000,576000,1,shortest
0-3-5-2-1-4-0,0-4-1-2-5-3-0,4,20000000,2,9.2159999999999996e-04,5.1631493110163469e-03,9.6277902919999995e-03,1.8647127386879316e+00,571096,BL->BR,571096,0,0,0,0,0,0,0,60,60,1,0,0,2.2594668308457749e-05,8.4502127428334513e-10,2.8111787960199085e-05,8.4757490128721464e-10,6,3456000,576000,1,shortest
0-3-5-2-4-1-0,0-1-4-2-5-3-0,4,20000000,2,9.2159999999999996e-04,5.1631493110163469e-03,9.6287539959999998e-03,1.8648993891103673e+00,571096,BL->BR,571096,0,0,0,0,0,0,0,60,60,1,0,0,2.2594668308457749e-05,8.4502127428334513e-10,2.8111787960199085e-05,8.4757490128721464e-10,6,3456000,576000,1,shortest
0-3-5-4-1-2-0,0-2-1-4-5-3-0,2,22000000,1,4.6079999999999998e-04,5.1631493110163469e-03,5.1586009279999999e-03,9.9911906808376771e-01,18192,SRC2->ML,18192,0,0,0,0,0,0,0,60,60,1,0,0,2.2594668308457749e-05,8.4502127428334513e-10,2.8111787960199085e-05,8.4757490128721464e-10,6,3456000,576000,1,shortest
0-3-5-4-2-1-0,0-1-2-4-5-3-0,2,22000000,1,4.6079999999999998e-04,5.1631493110163469e-03,5.1586009279999999e-03,9.9911906808376771e-01,18192,SRC1->ML,18192,0,0,0,0,0,0,0,60,60,1,0,0,2.2594668308457749e-05,8.4502127428334513e-10,2.8111787960199085e-05,8.4757490128721464e-10,6,3456000,576000,1,shortest
0-4-1-2-3-5-0,0-5-3-2-1-4-0,4,20000000,2,9.2159999999999996e-04,5.1631493110163469e-03,9.6279667360000005e-03,1.8647469124042766e+00,571096,BL->BR,571096,0,0,0,0,0,0,0,60,60,1,0,0,2.2594668308457749e-05,8.4502127428334513e-10,2.8111787960199085e-05,8.4757490128721464e-10,6,3456000,576000,1,shortest
0-4-1-2-5-3-0,0-3-5-2-1-4-0,4,20000000,2,9.2159999999999996e-04,5.1631493110163469e-03,9.6279667360000005e-03,1.8647469124042766e+00,571096,BL->BR,571096,0,0,0,0,0,0,0,60,60,1,0,0,2.2594668308457749e-05,8.4502127428334513e-10,2.8111787960199085e-05,8.4757490128721464e-10,6,3456000,576000,1,shortest
0-4-1-3-2-5-0,0-5-2-3-1-4-0,6,18000000,3,1.3824000000000000e-03,5.1631493110163469e-03,1.4300534104000000e-02,2.7697308837239478e+00,1151256,BL->BR,1151256,0,0,0,0,0,0,0,60,60,1,1,0,2.2594668308457749e-05,8.4502127428334513e-10,2.8111787960199085e-05,8.4757490128721464e-10,6,3456000,576000,1,shortest
0-4-1-3-5-2-0,0-2-5-3-1-4-0,4,20000000,2,9.2159999999999996e-04,5.1631493110163469e-03,9.6286807519999993e-03,1.8648852031948364e+00,571160,BR->BL,571160,0,0,0,0,0,0,0,60,60,1,0,0,2.2594668308457749e-05,8.4502127428334513e-10,2.8111787960199085e-05,8.4757490128721464e-10,6,3456000,576000,1,shortest
0-4-1-5-2-3-0,0-3-2-5-1-4-0,6,18000000,3,1.3824000000000000e-03,5.1631493110163469e-03,1.4300534104000000e-02,2.7697308837239478e+00,1151256,BL->BR,1151256,0,0,0,0,0,0,0,60,60,1,1,0,2.2594668308457749e-05,8.4502127428334513e-10,2.8111787960199085e-05,8.4757490128721464e-10,6,3456000,576000,1,shortest
0-4-1-5-3-2-0,0-2-3-5-1-4-0,4,20000000,2,9.2159999999999996e-04,5.1631493110163469e-03,9.6286807519999993e-03,1.8648852031948364e+00,571160,BR->BL,571160,0,0,0,0,0,0,0,60,60,1,0,0,2.2594668308457749e-05,8.4502127428334513e-10,2.8111787960199085e-05,8.4757490128721464e-10,6,3456000,576000,1,shortest
0-4-2-1-3-5-0,0-5-3-1-2-4-0,4,20000000,2,9.2159999999999996e-04,5.1631493110163469e-03,9.6279667360000005e-03,1.8647469124042766e+00,571096,BL->BR,571096,0,0,0,0,0,0,0,60,60,1,0,0,2.2594668308457749e-05,8.4502127428334513e-10,2.8111787960199085e-05,8.4757490128721464e-10,6,3456000,576000,1,shortest
0-4-2-1-5-3-0,0-3-5-1-2-4-0,4,20000000,2,9.2159999999999996e-04,5.1631493110163469e-03,9.6279667360000005e-03,1.8647469124042766e+00,571096,BL->BR,571096,0,0,0,0,0,0,0,60,60,1,0,0,2.2594668308457749e-05,8.4502127428334513e-10,2.8111787960199085e-05,8.4757490128721464e-10,6,3456000,576000,1,shortest
0-4-2-3-1-5-0,0-5-1-3-2-4-0,6,18000000,3,1.3824000000000000e-03,5.1631493110163469e-03,1.4300534104000000e-02,2.7697308837239478e+00,1151256,BL->BR,1151256,0,0,0,0,0,0,0,60,60,1,1,0,2.2594668308457749e-05,8.4502127428334513e-10,2.8111787960199085e-05,8.4757490128721464e-10,6,3456000,576000,1,shortest
0-4-2-3-5-1-0,0-1-5-3-2-4-0,4,20000000,2,9.2159999999999996e-04,5.1631493110163469e-03,9.6286807519999993e-03,1.8648852031948364e+00,571160,BR->BL,571160,0,0,0,0,0,0,0,60,60,1,0,0,2.2594668308457749e-05,8.4502127428334513e-10,2.8111787960199085e-05,8.4757490128721464e-10,6,3456000,576000,1,shortest
0-4-2-5-1-3-0,0-3-1-5-2-4-0,6,18000000,3,1.3824000000000000e-03,5.1631493110163469e-03,1.4300534104000000e-02,2.7697308837239478e+00,1151256,BL->BR,1151256,0,0,0,0,0,0,0,60,60,1,1,0,2.2594668308457749e-05,8.4502127428334513e-10,2.8111787960199085e-05,8.4757490128721464e-10,6,3456000,576000,1,shortest
0-4-2-5-3-1-0,0-1-3-5-2-4-0,4,20000000,2,9.2159999999999996e-04,5.1631493110163469e-03,9.6286807519999993e-03,1.8648852031948364e+00,571160,BR->BL,571160,0,0,0,0,0,0,0,60,60,1,0,0,2.2594668308457749e-05,8.4502127428334513e-10,2.8111787960199085e-05,8.4757490128721464e-10,6,3456000,576000,1,shortest
0-4-3-1-2-5-0,0-5-2-1-3-4-0,4,20000000,2,9.2159999999999996e-04,5.1631493110163469e-03,9.6277902919999995e-03,1.8647127386879316e+00,571096,BL->BR,571096,0,0,0,0,0,0,0,60,60,1,0,0,2.2594668308457749e-05,8.4502127428334513e-10,2.8111787960199085e-05,8.4757490128721464e-10,6,3456000,576000,1,shortest
0-4-3-1-5-2-0,0-2-5-1-3-4-0,4,20000000,2,9.2159999999999996e-04,5.1631493110163469e-03,9.6287539959999998e-03,1.8648993891103673e+00,571096,BL->BR,571096,0,0,0,0,0,0,0,60,60,1,0,0,2.2594668308457749e-05,8.4502127428334513e-10,2.8111787960199085e-05,8.4757490128721464e-10,6,3456000,576000,1,shortest
0-4-3-2-1-5-0,0-5-1-2-3-4-0,4,20000000,2,9.2159999999999996e-04,5.1631493110163469e-03,9.6277902919999995e-03,1.8647127386879316e+00,571096,BL->BR,571096,0,0,0,0,0,0,0,60,60,1,0,0,2.2594668308457749e-05,8.4502127428334513e-10,2.8111787960199085e-05,8.4757490128721464e-10,6,3456000,576000,1,shortest
0-4-3-2-5-1-0,0-1-5-2-3-4-0,4,20000000,2,9.2159999999999996e-04,5.1631493110163469e-03,9.6287539959999998e-03,1.8648993891103673e+00,571096,BL->BR,571096,0,0,0,0,0,0,0,60,60,1,0,0,2.2594668308457749e-05,8.4502127428334513e-10,2.8111787960199085e-05,8.4757490128721464e-10,6,3456000,576000,1,shortest
0-4-3-5-1-2-0,0-2-1-5-3-4-0,2,22000000,1,4.6079999999999998e-04,5.1631493110163469e-03,5.1586009279999999e-03,9.9911906808376771e-01,18192,SRC2->ML,18192,0,0,0,0,0,0,0,60,60,1,0,0,2.2594668308457749e-05,8.4502127428334513e-10,2.8111787960199085e-05,8.4757490128721464e-10,6,3456000,576000,1,shortest
0-4-3-5-2-1-0,0-1-2-5-3-4-0,2,22000000,1,4.6079999999999998e-04,5.1631493110163469e-03,5.1586009279999999e-03,9.9911906808376771e-01,18192,SRC1->ML,18192,0,0,0,0,0,0,0,60,60,1,0,0,2.2594668308457749e-05,8.4502127428334513e-10,2.8111787960199085e-05,8.4757490128721464e-10,6,3456000,576000,1,shortest
0-4-5-1-2-3-0,0-3-2-1-5-4-0,4,20000000,2,9.2159999999999996e-04,5.1631493110163469e-03,9.6277902919999995e-03,1.8647127386879316e+00,571096,BL->BR,571096,0,0,0,0,0,0,0,60,60,1,0,0,2.2594668308457749e-05,8.4502127428334513e-10,2.8111787960199085e-05,8.4757490128721464e-10,6,3456000,576000,1,shortest
0-4-5-1-3-2-0,0-2-3-1-5-4-0,4,20000000,2,9.2159999999999996e-04,5.1631493110163469e-03,9.6287539959999998e-03,1.8648993891103673e+00,571096,BL->BR,571096,0,0,0,0,0,0,0,60,60,1,0,0,2.2594668308457749e-05,8.4502127428334513e-10,2.8111787960199085e-05,8.4757490128721464e-10,6,3456000,576000,1,shortest
0-4-5-2-1-3-0,0-3-1-2-5-4-0,4,20000000,2,9.2159999999999996e-04,5.1631493110163469e-03,9.6277902919999995e-03,1.8647127386879316e+00,571096,BL->BR,571096,0,0,0,0,0,0,0,60,60,1,0,0,2.2594668308457749e-05,8.4502127428334513e-10,2.8111787960199085e-05,8.4757490128721464e-10,6,3456000,576000,1,shortest
0-4-5-2-3-1-0,0-1-3-2-5-4-0,4,20000000,2,9.2159999999999996e-04,5.1631493110163469e-03,9.6287539959999998e-03,1.8648993891103673e+00,571096,BL->BR,571096,0,0,0,0,0,0,0,60,60,1,0,0,2.2594668308457749e-05,8.4502127428334513e-10,2.8111787960199085e-05,8.4757490128721464e-10,6,3456000,576000,1,shortest
0-4-5-3-1-2-0,0-2-1-3-5-4-0,2,22000000,1,4.6079999999999998e-04,5.1631493110163469e-03,5.1586009279999999e-03,9.9911906808376771e-01,18192,SRC2->ML,18192,0,0,0,0,0,0,0,60,60,1,0,0,2.2594668308457749e-05,8.4502127428334513e-10,2.8111787960199085e-05,8.4757490128721464e-10,6,3456000,576000,1,shortest
0-4-5-3-2-1-0,0-1-2-3-5-4-0,2,22000000,1,4.6079999999999998e-04,5.1631493110163469e-03,5.1586009279999999e-03,9.9911906808376771e-01,18192,SRC1->ML,18192,0,0,0,0,0,0,0,60,60,1,0,0,2.2594668308457749e-05,8.4502127428334513e-10,2.8111787960199085e-05,8.4757490128721464e-10,6,3456000,576000,1,shortest
0-5-1-2-3-4-0,0-4-3-2-1-5-0,4,20000000,2,9.2159999999999996e-04,5.1631493110163469e-03,9.6279667360000005e-03,1.8647469124042766e+00,571096,BL->BR,571096,0,0,0,0,0,0,0,60,60,1,0,0,2.2594668308457749e-05,8.4502127428334513e-10,2.8111787960199085e-05,8.4757490128721464e-10,6,3456000,576000,1,shortest
0-5-1-2-4-3-0,0-3-4-2-1-5-0,4,20000000,2,9.2159999999999996e-04,5.1631493110163469e-03,9.6279667360000005e-03,1.8647469124042766e+00,571096,BL->BR,571096,0,0,0,0,0,0,0,60,60,1,0,0,2.2594668308457749e-05,8.4502127428334513e-10,2.8111787960199085e-05,8.4757490128721464e-10,6,3456000,576000,1,shortest
0-5-1-3-2-4-0,0-4-2-3-1-5-0,6,18000000,3,1.3824000000000000e-03,5.1631493110163469e-03,1.4300534104000000e-02,2.7697308837239478e+00,1151256,BL->BR,1151256,0,0,0,0,0,0,0,60,60,1,1,0,2.2594668308457749e-05,8.4502127428334513e-10,2.8111787960199085e-05,8.4757490128721464e-10,6,3456000,576000,1,shortest
0-5-1-3-4-2-0,0-2-4-3-1-5-0,4,20000000,2,9.2159999999999996e-04,5.1631493110163469e-03,9.6286807519999993e-03,1.8648852031948364e+00,571160,BR->BL,571160,0,0,0,0,0,0,0,60,60,1,0,0,2.2594668308457749e-05,8.4502127428334513e-10,2.8111787960199085e-05,8.4757490128721464e-10,6,3456000,576000,1,shortest
0-5-1-4-2-3-0,0-3-2-4-1-5-0,6,18000000,3,1.3824000000000000e-03,5.1631493110163469e-03,1.4300534104000000e-02,2.7697308837239478e+00,1151256,BL->BR,1151256,0,0,0,0,0,0,0,60,60,1,1,0,2.2594668308457749e-05,8.4502127428334513e-10,2.8111787960199085e-05,8.4757490128721464e-10,6,3456000,576000,1,shortest
0-5-1-4-3-2-0,0-2-3-4-1-5-0,4,20000000,2,9.2159999999999996e-04,5.1631493110163469e-03,9.6286807519999993e-03,1.8648852031948364e+00,571160,BR->BL,571160,0,0,0,0,0,0,0,60,60,1,0,0,2.2594668308457749e-05,8.4502127428334513e-10,2.8111787960199085e-05,8.4757490128721464e-10,6,3456000,576000,1,shortest
0-5-2-1-3-4-0,0-4-3-1-2-5-0,4,20000000,2,9.2159999999999996e-04,5.1631493110163469e-03,9.6279667360000005e-03,1.8647469124042766e+00,571096,BL->BR,571096,0,0,0,0,0,0,0,60,60,1,0,0,2.2594668308457749e-05,8.4502127428334513e-10,2.8111787960199085e-05,8.4757490128721464e-10,6,3456000,576000,1,shortest
0-5-2-1-4-3-0,0-3-4-1-2-5-0,4,20000000,2,9.2159999999999996e-04,5.1631493110163469e-03,9.6279667360000005e-03,1.8647469124042766e+00,571096,BL->BR,571096,0,0,0,0,0,0,0,60,60,1,0,0,2.2594668308457749e-05,8.4502127428334513e-10,2.8111787960199085e-05,8.4757490128721464e-10,6,3456000,576000,1,shortest
0-5-2-3-1-4-0,0-4-1-3-2-5-0,6,18000000,3,1.3824000000000000e-03,5.1631493110163469e-03,1.4300534104000000e-02,2.7697308837239478e+00,1151256,BL->BR,1151256,0,0,0,0,0,0,0,60,60,1,1,0,2.2594668308457749e-05,8.4502127428334513e-10,2.8111787960199085e-05,8.4757490128721464e-10,6,3456000,576000,1,shortest
0-5-2-3-4-1-0,0-1-4-3-2-5-0,4,20000000,2,9.2159999999999996e-04,5.1631493110163469e-03,9.6286807519999993e-03,1.8648852031948364e+00,571160,BR->BL,571160,0,0,0,0,0,0,0,60,60,1,0,0,2.2594668308457749e-05,8.4502127428334513e-10,2.8111787960199085e-05,8.4757490128721464e-10,6,3456000,576000,1,shortest
0-5-2-4-1-3-0,0-3-1-4-2-5-0,6,18000000,3,1.3824000000000000e-03,5.1631493110163469e-03,1.4300534104000000e-02,2.7697308837239478e+00,1151256,BL->BR,1151256,0,0,0,0,0,0,0,60,60,1,1,1,2.2594668308457749e-05,8.4502127428334513e-10,2.8111787960199085e-05,8.4757490128721464e-10,6,3456000,576000,1,shortest
0-5-2-4-3-1-0,0-1-3-4-2-5-0,4,20000000,2,9.2159999999999996e-04,5.1631493110163469e-03,9.6286807519999993e-03,1.8648852031948364e+00,571160,BR->BL,571160,0,0,0,0,0,0,0,60,60,1,0,0,2.2594668308457749e-05,8.4502127428334513e-10,2.8111787960199085e-05,8.4757490128721464e-10,6,3456000,576000,1,shortest
0-5-3-1-2-4-0,0-4-2-1-3-5-0,4,20000000,2,9.2159999999999996e-04,5.1631493110163469e-03,9.6277902919999995e-03,1.8647127386879316e+00,571096,BL->BR,571096,0,0,0,0,0,0,0,60,60,1,0,0,2.2594668308457749e-05,8.4502127428334513e-10,2.8111787960199085e-05,8.4757490128721464e-10,6,3456000,576000,1,shortest
0-5-3-1-4-2-0,0-2-4-1-3-5-0,4,20000000,2,9.2159999999999996e-04,5.1631493110163469e-03,9.6287539959999998e-03,1.8648993891103673e+00,571096,BL->BR,571096,0,0,0,0,0,0,0,60,60,1,0,0,2.2594668308457749e-05,8.4502127428334513e-10,2.8111787960199085e-05,8.4757490128721464e-10,6,3456000,576000,1,shortest
0-5-3-2-1-4-0,0-4-1-2-3-5-0,4,20000000,2,9.2159999999999996e-04,5.1631493110163469e-03,9.6277902919999995e-03,1.8647127386879316e+00,571096,BL->BR,571096,0,0,0,0,0,0,0,60,60,1,0,0,2.2594668308457749e-05,8.4502127428334513e-10,2.8111787960199085e-05,8.4757490128721464e-10,6,3456000,576000,1,shortest
0-5-3-2-4-1-0,0-1-4-2-3-5-0,4,20000000,2,9.2159999999999996e-04,5.1631493110163469e-03,9.6287539959999998e-03,1.8648993891103673e+00,571096,BL->BR,571096,0,0,0,0,0,0,0,60,60,1,0,0,2.2594668308457749e-05,8.4502127428334513e-10,2.8111787960199085e-05,8.4757490128721464e-10,6,3456000,576000,1,shortest
0-5-3-4-1-2-0,0-2-1-4-3-5-0,2,22000000,1,4.6079999999999998e-04,5.1631493110163469e-03,5.1586009279999999e-03,9.9911906808376771e-01,18192,SRC2->ML,18192,0,0,0,0,0,0,0,60,60,1,0,0,2.2594668308457749e-05,8.4502127428334513e-10,2.8111787960199085e-05,8.4757490128721464e-10,6,3456000,576000,1,shortest
0-5-3-4-2-1-0,0-1-2-4-3-5-0,2,22000000,1,4.6079999999999998e-04,5.1631493110163469e-03,5.1586009279999999e-03,9.9911906808376771e-01,18192,SRC1->ML,18192,0,0,0,0,0,0,0,60,60,1,0,0,2.2594668308457749e-05,8.4502127428334513e-10,2.8111787960199085e-05,8.4757490128721464e-10,6,3456000,576000,1,shortest
0-5-4-1-2-3-0,0-3-2-1-4-5-0,4,20000000,2,9.2159999999999996e-04,5.1631493110163469e-03,9.6277902919999995e-03,1.8647127386879316e+00,571096,BL->BR,571096,0,0,0,0,0,0,0,60,60,1,0,0,2.2594668308457749e-05,8.4502127428334513e-10,2.8111787960199085e-05,8.4757490128721464e-10,6,3456000,576000,1,shortest
0-5-4-1-3-2-0,0-2-3-1-4-5-0,4,20000000,2,9.2159999999999996e-04,5.1631493110163469e-03,9.6287539959999998e-03,1.8648993891103673e+00,571096,BL->BR,571096,0,0,0,0,0,0,0,60,60,1,0,0,2.2594668308457749e-05,8.4502127428334513e-10,2.8111787960199085e-05,8.4757490128721464e-10,6,3456000,576000,1,shortest
0-5-4-2-1-3-0,0-3-1-2-4-5-0,4,20000000,2,9.2159999999999996e-04,5.1631493110163469e-03,9.6277902919999995e-03,1.8647127386879316e+00,571096,BL->BR,571096,0,0,0,0,0,0,0,60,60,1,0,0,2.2594668308457749e-05,8.4502127428334513e-10,2.8111787960199085e-05,8.4757490128721464e-10,6,3456000,576000,1,shortest
0-5-4-2-3-1-0,0-1-3-2-4-5-0,4,20000000,2,9.2159999999999996e-04,5.1631493110163469e-03,9.6287539959999998e-03,1.8648993891103673e+00,571096,BL->BR,571096,0,0,0,0,0,0,0,60,60,1,0,0,2.2594668308457749e-05,8.4502127428334513e-10,2.8111787960199085e-05,8.4757490128721464e-10,6,3456000,576000,1,shortest
0-5-4-3-1-2-0,0-2-1-3-4-5-0,2,22000000,1,4.6079999999999998e-04,5.1631493110163469e-03,5.1586009279999999e-03,9.9911906808376771e-01,18192,SRC2->ML,18192,0,0,0,0,0,0,0,60,60,1,0,0,2.2594668308457749e-05,8.4502127428334513e-10,2.8111787960199085e-05,8.4757490128721464e-10,6,3456000,576000,1,shortest
0-5-4-3-2-1-0,0-1-2-3-4-5-0,2,22000000,1,4.6079999999999998e-04,5.1631493110163469e-03,5.1586009279999999e-03,9.9911906808376771e-01,18192,SRC1->ML,18192,0,0,0,0,0,0,0,60,60,1,0,0,2.2594668308457749e-05,8.4502127428334513e-10,2.8111787960199085e-05,8.4757490128721464e-10,6,3456000,576000,1,shortest
