ring,reverse,shortcuts,static_cost_ps,l_max,h_max_s,t_fit_s,t_sim_s,slowdown_fit,peak_queue_bytes,drops,strips,bounces,rtx,nacks,pauses,sink_gaps,flows_done,flows_expected,valid,min_static_cost,tsp_selected,alpha_same_s,beta_same_s_per_byte,alpha_cross_s,beta_cross_s_per_byte,n,bytes,chunk,seed,pin
0-1-2-3-4-5-0,0-5-4-3-2-1-0,3,18000000,1,4.6079999999999998e-04,5.2372159234328379e-03,5.2607366380000003e-03,1.0044910721480709e+00,18192,0,0,0,0,0,0,0,60,60,1,1,0,1.8907682910447674e-05,8.4541983279041307e-10,3.7745199308457920e-05,8.4370901568546155e-10,6,3456000,576000,1,srcmod2
0-1-2-3-5-4-0,0-4-5-3-2-1-0,3,18000000,1,4.6079999999999998e-04,5.2372159234328379e-03,5.2590866130000002e-03,1.0041760144868777e+00,18192,0,0,0,0,0,0,0,60,60,1,1,0,1.8907682910447674e-05,8.4541983279041307e-10,3.7745199308457920e-05,8.4370901568546155e-10,6,3456000,576000,1,srcmod2
0-1-2-4-3-5-0,0-5-3-4-2-1-0,1,22000000,1,4.6079999999999998e-04,5.2372159234328379e-03,5.2560108200000004e-03,1.0035887190526303e+00,18192,0,0,0,0,0,0,0,60,60,1,0,0,1.8907682910447674e-05,8.4541983279041307e-10,3.7745199308457920e-05,8.4370901568546155e-10,6,3456000,576000,1,srcmod2
0-1-2-4-5-3-0,0-3-5-4-2-1-0,2,20000000,2,9.2159999999999996e-04,5.2372159234328379e-03,9.6892420850000008e-03,1.8500749685815880e+00,571224,0,0,0,0,0,0,0,60,60,1,0,0,1.8907682910447674e-05,8.4541983279041307e-10,3.7745199308457920e-05,8.4370901568546155e-10,6,3456000,576000,1,srcmod2
0-1-2-5-3-4-0,0-4-3-5-2-1-0,1,22000000,2,9.2159999999999996e-04,5.2372159234328379e-03,9.6891702479999994e-03,1.8500612519426236e+00,571160,0,0,0,0,0,0,0,60,60,1,0,0,1.8907682910447674e-05,8.4541983279041307e-10,3.7745199308457920e-05,8.4370901568546155e-10,6,3456000,576000,1,srcmod2
0-1-2-5-4-3-0,0-3-4-5-2-1-0,2,20000000,1,4.6079999999999998e-04,5.2372159234328379e-03,5.2610319350000004e-03,1.0045474564950823e+00,18192,0,0,0,0,0,0,0,60,60,1,0,0,1.8907682910447674e-05,8.4541983279041307e-10,3.7745199308457920e-05,8.4370901568546155e-10,6,3456000,576000,1,srcmod2
0-1-3-2-4-5-0,0-5-4-2-3-1-0,3,18000000,1,4.6079999999999998e-04,5.2372159234328379e-03,5.2616383480000002e-03,1.0046632456870623e+00,18192,0,0,0,0,0,0,0,60,60,1,1,0,1.8907682910447674e-05,8.4541983279041307e-10,3.7745199308457920e-05,8.4370901568546155e-10,6,3456000,576000,1,srcmod2
0-1-3-2-5-4-0,0-4-5-2-3-1-0,3,18000000,1,4.6079999999999998e-04,5.2372159234328379e-03,5.2573399740000002e-03,1.0038425092379943e+00,18192,0,0,0,0,0,0,0,60,60,1,1,0,1.8907682910447674e-05,8.4541983279041307e-10,3.7745199308457920e-05,8.4370901568546155e-10,6,3456000,576000,1,srcmod2
0-1-3-4-2-5-0,0-5-2-4-3-1-0,1,22000000,1,4.6079999999999998e-04,5.2372159234328379e-03,5.2596594670000002e-03,1.0042853958850051e+00,18192,0,0,0,0,0,0,0,60,60,1,0,0,1.8907682910447674e-05,8.4541983279041307e-10,3.7745199308457920e-05,8.4370901568546155e-10,6,3456000,576000,1,srcmod2
0-1-3-4-5-2-0,0-2-5-4-3-1-0,2,20000000,2,9.2159999999999996e-04,5.2372159234328379e-03,9.6892420850000008e-03,1.8500749685815880e+00,571160,0,0,0,0,0,0,0,60,60,1,0,0,1.8907682910447674e-05,8.4541983279041307e-10,3.7745199308457920e-05,8.4370901568546155e-10,6,3456000,576000,1,srcmod2
0-1-3-5-2-4-0,0-4-2-5-3-1-0,1,22000000,2,9.2159999999999996e-04,5.2372159234328379e-03,9.6888958630000008e-03,1.8500088605568166e+00,571224,0,0,0,0,0,0,0,60,60,1,0,0,1.8907682910447674e-05,8.4541983279041307e-10,3.7745199308457920e-05,8.4370901568546155e-10,6,3456000,576000,1,srcmod2
0-1-3-5-4-2-0,0-2-4-5-3-1-0,2,20000000,1,4.6079999999999998e-04,5.2372159234328379e-03,5.2585652510000001e-03,1.0040764650301393e+00,18192,0,0,0,0,0,0,0,60,60,1,0,0,1.8907682910447674e-05,8.4541983279041307e-10,3.7745199308457920e-05,8.4370901568546155e-10,6,3456000,576000,1,srcmod2
0-1-4-2-3-5-0,0-5-3-2-4-1-0,2,20000000,2,9.2159999999999996e-04,5.2372159234328379e-03,9.6892420850000008e-03,1.8500749685815880e+00,571224,0,0,0,0,0,0,0,60,60,1,0,0,1.8907682910447674e-05,8.4541983279041307e-10,3.7745199308457920e-05,8.4370901568546155e-10,6,3456000,576000,1,srcmod2
0-1-4-2-5-3-0,0-3-5-2-4-1-0,1,22000000,1,4.6079999999999998e-04,5.2372159234328379e-03,5.2560108200000004e-03,1.0035887190526303e+00,18192,0,0,0,0,0,0,0,60,60,1,0,0,1.8907682910447674e-05,8.4541983279041307e-10,3.7745199308457920e-05,8.4370901568546155e-10,6,3456000,576000,1,srcmod2
0-1-4-3-2-5-0,0-5-2-3-4-1-0,2,20000000,1,4.6079999999999998e-04,5.2372159234328379e-03,5.2610319350000004e-03,1.0045474564950823e+00,18192,0,0,0,0,0,0,0,60,60,1,0,0,1.8907682910447674e-05,8.4541983279041307e-10,3.7745199308457920e-05,8.4370901568546155e-10,6,3456000,576000,1,srcmod2
0-1-4-3-5-2-0,0-2-5-3-4-1-0,1,22000000,2,9.2159999999999996e-04,5.2372159234328379e-03,9.6891702479999994e-03,1.8500612519426236e+00,571160,0,0,0,0,0,0,0,60,60,1,0,0,1.8907682910447674e-05,8.4541983279041307e-10,3.7745199308457920e-05,8.4370901568546155e-10,6,3456000,576000,1,srcmod2
0-1-4-5-2-3-0,0-3-2-5-4-1-0,3,18000000,1,4.6079999999999998e-04,5.2372159234328379e-03,5.2607366380000003e-03,1.0044910721480709e+00,18192,0,0,0,0,0,0,0,60,60,1,1,0,1.8907682910447674e-05,8.4541983279041307e-10,3.7745199308457920e-05,8.4370901568546155e-10,6,3456000,576000,1,srcmod2
0-1-4-5-3-2-0,0-2-3-5-4-1-0,3,18000000,1,4.6079999999999998e-04,5.2372159234328379e-03,5.2590866130000002e-03,1.0041760144868777e+00,18192,0,0,0,0,0,0,0,60,60,1,1,0,1.8907682910447674e-05,8.4541983279041307e-10,3.7745199308457920e-05,8.4370901568546155e-10,6,3456000,576000,1,srcmod2
0-1-5-2-3-4-0,0-4-3-2-5-1-0,2,20000000,2,9.2159999999999996e-04,5.2372159234328379e-03,9.6892420850000008e-03,1.8500749685815880e+00,571160,0,0,0,0,0,0,0,60,60,1,0,0,1.8907682910447674e-05,8.4541983279041307e-10,3.7745199308457920e-05,8.4370901568546155e-10,6,3456000,576000,1,srcmod2
0-1-5-2-4-3-0,0-3-4-2-5-1-0,1,22000000,1,4.6079999999999998e-04,5.2372159234328379e-03,5.2596594670000002e-03,1.0042853958850051e+00,18192,0,0,0,0,0,0,0,60,60,1,0,0,1.8907682910447674e-05,8.4541983279041307e-10,3.7745199308457920e-05,8.4370901568546155e-10,6,3456000,576000,1,srcmod2
0-1-5-3-2-4-0,0-4-2-3-5-1-0,2,20000000,1,4.6079999999999998e-04,5.2372159234328379e-03,5.2585652510000001e-03,1.0040764650301393e+00,18192,0,0,0,0,0,0,0,60,60,1,0,0,1.8907682910447674e-05,8.4541983279041307e-10,3.7745199308457920e-05,8.4370901568546155e-10,6,3456000,576000,1,srcmod2
0-1-5-3-4-2-0,0-2-4-3-5-1-0,1,22000000,2,9.2159999999999996e-04,5.2372159234328379e-03,9.6888958630000008e-03,1.8500088605568166e+00,571224,0,0,0,0,0,0,0,60,60,1,0,0,1.8907682910447674e-05,8.4541983279041307e-10,3.7745199308457920e-05,8.4370901568546155e-10,6,3456000,576000,1,srcmod2
0-1-5-4-2-3-0,0-3-2-4-5-1-0,3,18000000,1,4.6079999999999998e-04,5.2372159234328379e-03,5.2616383480000002e-03,1.0046632456870623e+00,18192,0,0,0,0,0,0,0,60,60,1,1,0,1.8907682910447674e-05,8.4541983279041307e-10,3.7745199308457920e-05,8.4370901568546155e-10,6,3456000,576000,1,srcmod2
0-1-5-4-3-2-0,0-2-3-4-5-1-0,3,18000000,1,4.6079999999999998e-04,5.2372159234328379e-03,5.2573399740000002e-03,1.0038425092379943e+00,18192,0,0,0,0,0,0,0,60,60,1,1,0,1.8907682910447674e-05,8.4541983279041307e-10,3.7745199308457920e-05,8.4370901568546155e-10,6,3456000,576000,1,srcmod2
0-2-1-3-4-5-0,0-5-4-3-1-2-0,1,22000000,1,4.6079999999999998e-04,5.2372159234328379e-03,5.2661226250000004e-03,1.0055194786676305e+00,18192,0,0,0,0,0,0,0,60,60,1,0,0,1.8907682910447674e-05,8.4541983279041307e-10,3.7745199308457920e-05,8.4370901568546155e-10,6,3456000,576000,1,srcmod2
0-2-1-3-5-4-0,0-4-5-3-1-2-0,1,22000000,2,9.2159999999999996e-04,5.2372159234328379e-03,9.6890697230000000e-03,1.8500420575841192e+00,571160,0,0,0,0,0,0,0,60,60,1,0,0,1.8907682910447674e-05,8.4541983279041307e-10,3.7745199308457920e-05,8.4370901568546155e-10,6,3456000,576000,1,srcmod2
0-2-1-4-3-5-0,0-5-3-4-1-2-0,0,24000000,2,9.2159999999999996e-04,5.2372159234328379e-03,9.6894772159999993e-03,1.8501198647637269e+00,571160,0,0,0,0,0,0,0,60,60,1,0,0,1.8907682910447674e-05,8.4541983279041307e-10,3.7745199308457920e-05,8.4370901568546155e-10,6,3456000,576000,1,srcmod2
0-2-1-4-5-3-0,0-3-5-4-1-2-0,1,22000000,1,4.6079999999999998e-04,5.2372159234328379e-03,5.2620355749999998e-03,1.0047390926648854e+00,18192,0,0,0,0,0,0,0,60,60,1,0,0,1.8907682910447674e-05,8.4541983279041307e-10,3.7745199308457920e-05,8.4370901568546155e-10,6,3456000,576000,1,srcmod2
0-2-1-5-3-4-0,0-4-3-5-1-2-0,0,24000000,2,9.2159999999999996e-04,5.2372159234328379e-03,9.6897515780000002e-03,1.8501722517578880e+00,571160,0,0,0,0,0,0,0,60,60,1,0,0,1.8907682910447674e-05,8.4541983279041307e-10,3.7745199308457920e-05,8.4370901568546155e-10,6,3456000,576000,1,srcmod2
0-2-1-5-4-3-0,0-3-4-5-1-2-0,1,22000000,2,9.2159999999999996e-04,5.2372159234328379e-03,9.6884294250000006e-03,1.8499197983514732e+00,571160,0,0,0,0,0,0,0,60,60,1,0,0,1.8907682910447674e-05,8.4541983279041307e-10,3.7745199308457920e-05,8.4370901568546155e-10,6,3456000,576000,1,srcmod2
0-2-3-1-4-5-0,0-5-4-1-3-2-0,2,20000000,2,9.2159999999999996e-04,5.2372159234328379e-03,9.6878018809999997e-03,1.8497999743821782e+00,571160,0,0,0,0,0,0,0,60,60,1,0,0,1.8907682910447674e-05,8.4541983279041307e-10,3.7745199308457920e-05,8.4370901568546155e-10,6,3456000,576000,1,srcmod2
0-2-3-1-5-4-0,0-4-5-1-3-2-0,2,20000000,1,4.6079999999999998e-04,5.2372159234328379e-03,5.2635491039999998e-03,1.0050280876236817e+00,18192,0,0,0,0,0,0,0,60,60,1,0,0,1.8907682910447674e-05,8.4541983279041307e-10,3.7745199308457920e-05,8.4370901568546155e-10,6,3456000,576000,1,srcmod2
0-2-3-4-1-5-0,0-5-1-4-3-2-0,1,22000000,2,9.2159999999999996e-04,5.2372159234328379e-03,9.6888175949999995e-03,1.8499939159753547e+00,571224,0,0,0,0,0,0,0,60,60,1,0,0,1.8907682910447674e-05,8.4541983279041307e-10,3.7745199308457920e-05,8.4370901568546155e-10,6,3456000,576000,1,srcmod2
0-2-3-4-5-1-0,0-1-5-4-3-2-0,3,18000000,1,4.6079999999999998e-04,5.2372159234328379e-03,5.2534049030000000e-03,1.0030911422793793e+00,18192,0,0,0,0,0,0,0,60,60,1,1,0,1.8907682910447674e-05,8.4541983279041307e-10,3.7745199308457920e-05,8.4370901568546155e-10,6,3456000,576000,1,srcmod2
0-2-3-5-1-4-0,0-4-1-5-3-2-0,1,22000000,2,9.2159999999999996e-04,5.2372159234328379e-03,9.6888175949999995e-03,1.8499939159753547e+00,571224,0,0,0,0,0,0,0,60,60,1,0,0,1.8907682910447674e-05,8.4541983279041307e-10,3.7745199308457920e-05,8.4370901568546155e-10,6,3456000,576000,1,srcmod2
0-2-3-5-4-1-0,0-1-4-5-3-2-0,3,18000000,1,4.6079999999999998e-04,5.2372159234328379e-03,5.2553798309999998e-03,1.0034682372910941e+00,18192,0,0,0,0,0,0,0,60,60,1,1,0,1.8907682910447674e-05,8.4541983279041307e-10,3.7745199308457920e-05,8.4370901568546155e-10,6,3456000,576000,1,srcmod2
0-2-4-1-3-5-0,0-5-3-1-4-2-0,0,24000000,1,4.6079999999999998e-04,5.2372159234328379e-03,5.2644009019999997e-03,1.0051907309082919e+00,18192,0,0,0,0,0,0,0,60,60,1,0,0,1.8907682910447674e-05,8.4541983279041307e-10,3.7745199308457920e-05,8.4370901568546155e-10,6,3456000,576000,1,srcmod2
0-2-4-1-5-3-0,0-3-5-1-4-2-0,0,24000000,1,4.6079999999999998e-04,5.2372159234328379e-03,5.2644009019999997e-03,1.0051907309082919e+00,18192,0,0,0,0,0,0,0,60,60,1,0,0,1.8907682910447674e-05,8.4541983279041307e-10,3.7745199308457920e-05,8.4370901568546155e-10,6,3456000,576000,1,srcmod2
0-2-4-3-1-5-0,0-5-1-3-4-2-0,0,24000000,2,9.2159999999999996e-04,5.2372159234328379e-03,9.6899362400000005e-03,1.8502075113314285e+00,571224,0,0,0,0,0,0,0,60,60,1,0,0,1.8907682910447674e-05,8.4541983279041307e-10,3.7745199308457920e-05,8.4370901568546155e-10,6,3456000,576000,1,srcmod2
0-2-4-3-5-1-0,0-1-5-3-4-2-0,1,22000000,2,9.2159999999999996e-04,5.2372159234328379e-03,9.6886094870000002e-03,1.8499541795957513e+00,571224,0,0,0,0,0,0,0,60,60,1,0,0,1.8907682910447674e-05,8.4541983279041307e-10,3.7745199308457920e-05,8.4370901568546155e-10,6,3456000,576000,1,srcmod2
0-2-4-5-1-3-0,0-3-1-5-4-2-0,1,22000000,2,9.2159999999999996e-04,5.2372159234328379e-03,9.6898462159999994e-03,1.8501903220458773e+00,571224,0,0,0,0,0,0,0,60,60,1,0,0,1.8907682910447674e-05,8.4541983279041307e-10,3.7745199308457920e-05,8.4370901568546155e-10,6,3456000,576000,1,srcmod2
0-2-4-5-3-1-0,0-1-3-5-4-2-0,2,20000000,1,4.6079999999999998e-04,5.2372159234328379e-03,5.2631980420000000e-03,1.0049610554437731e+00,18192,0,0,0,0,0,0,0,60,60,1,0,0,1.8907682910447674e-05,8.4541983279041307e-10,3.7745199308457920e-05,8.4370901568546155e-10,6,3456000,576000,1,srcmod2
0-2-5-1-3-4-0,0-4-3-1-5-2-0,0,24000000,1,4.6079999999999998e-04,5.2372159234328379e-03,5.2637806710000004e-03,1.0050723032915836e+00,18192,0,0,0,0,0,0,0,60,60,1,0,0,1.8907682910447674e-05,8.4541983279041307e-10,3.7745199308457920e-05,8.4370901568546155e-10,6,3456000,576000,1,srcmod2
0-2-5-1-4-3-0,0-3-4-1-5-2-0,0,24000000,2,9.2159999999999996e-04,5.2372159234328379e-03,9.6897371370000002e-03,1.8501694943768270e+00,571160,0,0,0,0,0,0,0,60,60,1,0,0,1.8907682910447674e-05,8.4541983279041307e-10,3.7745199308457920e-05,8.4370901568546155e-10,6,3456000,576000,1,srcmod2
0-2-5-3-1-4-0,0-4-1-3-5-2-0,0,24000000,1,4.6079999999999998e-04,5.2372159234328379e-03,5.2637806710000004e-03,1.0050723032915836e+00,18192,0,0,0,0,0,0,0,60,60,1,0,0,1.8907682910447674e-05,8.4541983279041307e-10,3.7745199308457920e-05,8.4370901568546155e-10,6,3456000,576000,1,srcmod2
0-2-5-3-4-1-0,0-1-4-3-5-2-0,1,22000000,1,4.6079999999999998e-04,5.2372159234328379e-03,5.2630097840000003e-03,1.0049251092458786e+00,18192,0,0,0,0,0,0,0,60,60,1,0,0,1.8907682910447674e-05,8.4541983279041307e-10,3.7745199308457920e-05,8.4370901568546155e-10,6,3456000,576000,1,srcmod2
0-2-5-4-1-3-0,0-3-1-4-5-2-0,1,22000000,1,4.6079999999999998e-04,5.2372159234328379e-03,5.2739597629999999e-03,1.0070159107633427e+00,18192,0,0,0,0,0,0,0,60,60,1,0,0,1.8907682910447674e-05,8.4541983279041307e-10,3.7745199308457920e-05,8.4370901568546155e-10,6,3456000,576000,1,srcmod2
0-2-5-4-3-1-0,0-1-3-4-5-2-0,2,20000000,2,9.2159999999999996e-04,5.2372159234328379e-03,9.6883753220000004e-03,1.8499094678627572e+00,571160,0,0,0,0,0,0,0,60,60,1,0,0,1.8907682910447674e-05,8.4541983279041307e-10,3.7745199308457920e-05,8.4370901568546155e-10,6,3456000,576000,1,srcmod2
0-3-1-2-4-5-0,0-5-4-2-1-3-0,1,22000000,2,9.2159999999999996e-04,5.2372159234328379e-03,9.6889670370000000e-03,1.8500224506018024e+00,571160,0,0,0,0,0,0,0,60,60,1,0,0,1.8907682910447674e-05,8.4541983279041307e-10,3.7745199308457920e-05,8.4370901568546155e-10,6,3456000,576000,1,srcmod2
0-3-1-2-5-4-0,0-4-5-2-1-3-0,1,22000000,1,4.6079999999999998e-04,5.2372159234328379e-03,5.2656548599999999e-03,1.0054301630833891e+00,18192,0,0,0,0,0,0,0,60,60,1,0,0,1.8907682910447674e-05,8.4541983279041307e-10,3.7745199308457920e-05,8.4370901568546155e-10,6,3456000,576000,1,srcmod2
0-3-1-4-2-5-0,0-5-2-4-1-3-0,0,24000000,2,9.2159999999999996e-04,5.2372159234328379e-03,9.6893896030000003e-03,1.8501031358372744e+00,571160,0,0,0,0,0,0,0,60,60,1,0,0,1.8907682910447674e-05,8.4541983279041307e-10,3.7745199308457920e-05,8.4370901568546155e-10,6,3456000,576000,1,srcmod2
0-3-1-4-5-2-0,0-2-5-4-1-3-0,1,22000000,1,4.6079999999999998e-04,5.2372159234328379e-03,5.2640037820000001e-03,1.0051149043611713e+00,18192,0,0,0,0,0,0,0,60,60,1,0,0,1.8907682910447674e-05,8.4541983279041307e-10,3.7745199308457920e-05,8.4370901568546155e-10,6,3456000,576000,1,srcmod2
0-3-1-5-2-4-0,0-4-2-5-1-3-0,0,24000000,1,4.6079999999999998e-04,5.2372159234328379e-03,5.2675381470000003e-03,1.0057897600577230e+00,18192,0,0,0,0,0,0,0,60,60,1,0,0,1.8907682910447674e-05,8.4541983279041307e-10,3.7745199308457920e-05,8.4370901568546155e-10,6,3456000,576000,1,srcmod2
0-3-1-5-4-2-0,0-2-4-5-1-3-0,1,22000000,2,9.2159999999999996e-04,5.2372159234328379e-03,9.6890943350000005e-03,1.8500467570275563e+00,571224,0,0,0,0,0,0,0,60,60,1,0,0,1.8907682910447674e-05,8.4541983279041307e-10,3.7745199308457920e-05,8.4370901568546155e-10,6,3456000,576000,1,srcmod2
0-3-2-1-4-5-0,0-5-4-1-2-3-0,2,20000000,1,4.6079999999999998e-04,5.2372159234328379e-03,5.2642817219999997e-03,1.0051679745427453e+00,18192,0,0,0,0,0,0,0,60,60,1,0,0,1.8907682910447674e-05,8.4541983279041307e-10,3.7745199308457920e-05,8.4370901568546155e-10,6,3456000,576000,1,srcmod2
0-3-2-1-5-4-0,0-4-5-1-2-3-0,2,20000000,2,9.2159999999999996e-04,5.2372159234328379e-03,9.6882375989999995e-03,1.8498831708755767e+00,571160,0,0,0,0,0,0,0,60,60,1,0,0,1.8907682910447674e-05,8.4541983279041307e-10,3.7745199308457920e-05,8.4370901568546155e-10,6,3456000,576000,1,srcmod2
0-3-2-4-1-5-0,0-5-1-4-2-3-0,1,22000000,1,4.6079999999999998e-04,5.2372159234328379e-03,5.2614008920000002e-03,1.0046179055667634e+00,18192,0,0,0,0,0,0,0,60,60,1,0,0,1.8907682910447674e-05,8.4541983279041307e-10,3.7745199308457920e-05,8.4370901568546155e-10,6,3456000,576000,1,srcmod2
0-3-2-4-5-1-0,0-1-5-4-2-3-0,3,18000000,1,4.6079999999999998e-04,5.2372159234328379e-03,5.2609189720000003e-03,1.0045258872106280e+00,18192,0,0,0,0,0,0,0,60,60,1,1,0,1.8907682910447674e-05,8.4541983279041307e-10,3.7745199308457920e-05,8.4370901568546155e-10,6,3456000,576000,1,srcmod2
0-3-2-5-1-4-0,0-4-1-5-2-3-0,1,22000000,1,4.6079999999999998e-04,5.2372159234328379e-03,5.2605026980000000e-03,1.0044464033768343e+00,18192,0,0,0,0,0,0,0,60,60,1,0,0,1.8907682910447674e-05,8.4541983279041307e-10,3.7745199308457920e-05,8.4370901568546155e-10,6,3456000,576000,1,srcmod2
0-3-2-5-4-1-0,0-1-4-5-2-3-0,3,18000000,1,4.6079999999999998e-04,5.2372159234328379e-03,5.2608846290000000e-03,1.0045193297189183e+00,18192,0,0,0,0,0,0,0,60,60,1,1,0,1.8907682910447674e-05,8.4541983279041307e-10,3.7745199308457920e-05,8.4370901568546155e-10,6,3456000,576000,1,srcmod2
0-3-4-1-2-5-0,0-5-2-1-4-3-0,0,24000000,1,4.6079999999999998e-04,5.2372159234328379e-03,5.2699329079999996e-03,1.0062470184627630e+00,18192,0,0,0,0,0,0,0,60,60,1,0,0,1.8907682910447674e-05,8.4541983279041307e-10,3.7745199308457920e-05,8.4370901568546155e-10,6,3456000,576000,1,srcmod2
0-3-4-1-5-2-0,0-2-5-1-4-3-0,0,24000000,2,9.2159999999999996e-04,5.2372159234328379e-03,9.6902477729999999e-03,1.8502669957988545e+00,571224,0,0,0,0,0,0,0,60,60,1,0,0,1.8907682910447674e-05,8.4541983279041307e-10,3.7745199308457920e-05,8.4370901568546155e-10,6,3456000,576000,1,srcmod2
0-3-4-2-1-5-0,0-5-1-2-4-3-0,0,24000000,2,9.2159999999999996e-04,5.2372159234328379e-03,9.6908275080000005e-03,1.8503776910629939e+00,571224,0,0,0,0,0,0,0,60,60,1,0,0,1.8907682910447674e-05,8.4541983279041307e-10,3.7745199308457920e-05,8.4370901568546155e-10,6,3456000,576000,1,srcmod2
0-3-4-2-5-1-0,0-1-5-2-4-3-0,1,22000000,2,9.2159999999999996e-04,5.2372159234328379e-03,9.6881440320000008e-03,1.8498653050855527e+00,571224,0,0,0,0,0,0,0,60,60,1,0,0,1.8907682910447674e-05,8.4541983279041307e-10,3.7745199308457920e-05,8.4370901568546155e-10,6,3456000,576000,1,srcmod2
0-3-4-5-1-2-0,0-2-1-5-4-3-0,1,22000000,1,4.6079999999999998e-04,5.2372159234328379e-03,5.2582871650000002e-03,1.0040233669711580e+00,18192,0,0,0,0,0,0,0,60,60,1,0,0,1.8907682910447674e-05,8.4541983279041307e-10,3.7745199308457920e-05,8.4370901568546155e-10,6,3456000,576000,1,srcmod2
0-3-4-5-2-1-0,0-1-2-5-4-3-0,2,20000000,1,4.6079999999999998e-04,5.2372159234328379e-03,5.2633456870000003e-03,1.0049892469489849e+00,18192,0,0,0,0,0,0,0,60,60,1,0,0,1.8907682910447674e-05,8.4541983279041307e-10,3.7745199308457920e-05,8.4370901568546155e-10,6,3456000,576000,1,srcmod2
0-3-5-1-2-4-0,0-4-2-1-5-3-0,0,24000000,1,4.6079999999999998e-04,5.2372159234328379e-03,5.2675381470000003e-03,1.0057897600577230e+00,18192,0,0,0,0,0,0,0,60,60,1,0,0,1.8907682910447674e-05,8.4541983279041307e-10,3.7745199308457920e-05,8.4370901568546155e-10,6,3456000,576000,1,srcmod2
0-3-5-1-4-2-0,0-2-4-1-5-3-0,0,24000000,2,9.2159999999999996e-04,5.2372159234328379e-03,9.6907028459999999e-03,1.8503538879580956e+00,571224,0,0,0,0,0,0,0,60,60,1,0,0,1.8907682910447674e-05,8.4541983279041307e-10,3.7745199308457920e-05,8.4370901568546155e-10,6,3456000,576000,1,srcmod2
0-3-5-2-1-4-0,0-4-1-2-5-3-0,0,24000000,2,9.2159999999999996e-04,5.2372159234328379e-03,9.6891229079999995e-03,1.8500522127888648e+00,571160,0,0,0,0,0,0,0,60,60,1,0,0,1.8907682910447674e-05,8.4541983279041307e-10,3.7745199308457920e-05,8.4370901568546155e-10,6,3456000,576000,1,srcmod2
0-3-5-2-4-1-0,0-1-4-2-5-3-0,1,22000000,1,4.6079999999999998e-04,5.2372159234328379e-03,5.2587868790000001e-03,1.0041187829340104e+00,18192,0,0,0,0,0,0,0,60,60,1,0,0,1.8907682910447674e-05,8.4541983279041307e-10,3.7745199308457920e-05,8.4370901568546155e-10,6,3456000,576000,1,srcmod2
0-3-5-4-1-2-0,0-2-1-4-5-3-0,1,22000000,2,9.2159999999999996e-04,5.2372159234328379e-03,9.6889451539999994e-03,1.8500182722367473e+00,571160,0,0,0,0,0,0,0,60,60,1,0,0,1.8907682910447674e-05,8.4541983279041307e-10,3.7745199308457920e-05,8.4370901568546155e-10,6,3456000,576000,1,srcmod2
0-3-5-4-2-1-0,0-1-2-4-5-3-0,2,20000000,2,9.2159999999999996e-04,5.2372159234328379e-03,9.6892588559999993e-03,1.8500781708555145e+00,571160,0,0,0,0,0,0,0,60,60,1,0,0,1.8907682910447674e-05,8.4541983279041307e-10,3.7745199308457920e-05,8.4370901568546155e-10,6,3456000,576000,1,srcmod2
0-4-1-2-3-5-0,0-5-3-2-1-4-0,1,22000000,1,4.6079999999999998e-04,5.2372159234328379e-03,5.2620355749999998e-03,1.0047390926648854e+00,18192,0,0,0,0,0,0,0,60,60,1,0,0,1.8907682910447674e-05,8.4541983279041307e-10,3.7745199308457920e-05,8.4370901568546155e-10,6,3456000,576000,1,srcmod2
0-4-1-2-5-3-0,0-3-5-2-1-4-0,0,24000000,2,9.2159999999999996e-04,5.2372159234328379e-03,9.6894772159999993e-03,1.8501198647637269e+00,571160,0,0,0,0,0,0,0,60,60,1,0,0,1.8907682910447674e-05,8.4541983279041307e-10,3.7745199308457920e-05,8.4370901568546155e-10,6,3456000,576000,1,srcmod2
0-4-1-3-2-5-0,0-5-2-3-1-4-0,1,22000000,2,9.2159999999999996e-04,5.2372159234328379e-03,9.6884294250000006e-03,1.8499197983514732e+00,571160,0,0,0,0,0,0,0,60,60,1,0,0,1.8907682910447674e-05,8.4541983279041307e-10,3.7745199308457920e-05,8.4370901568546155e-10,6,3456000,576000,1,srcmod2
0-4-1-3-5-2-0,0-2-5-3-1-4-0,0,24000000,2,9.2159999999999996e-04,5.2372159234328379e-03,9.6897515780000002e-03,1.8501722517578880e+00,571160,0,0,0,0,0,0,0,60,60,1,0,0,1.8907682910447674e-05,8.4541983279041307e-10,3.7745199308457920e-05,8.4370901568546155e-10,6,3456000,576000,1,srcmod2
0-4-1-5-2-3-0,0-3-2-5-1-4-0,1,22000000,1,4.6079999999999998e-04,5.2372159234328379e-03,5.2661226250000004e-03,1.0055194786676305e+00,18192,0,0,0,0,0,0,0,60,60,1,0,0,1.8907682910447674e-05,8.4541983279041307e-10,3.7745199308457920e-05,8.4370901568546155e-10,6,3456000,576000,1,srcmod2
0-4-1-5-3-2-0,0-2-3-5-1-4-0,1,22000000,2,9.2159999999999996e-04,5.2372159234328379e-03,9.6890697230000000e-03,1.8500420575841192e+00,571160,0,0,0,0,0,0,0,60,60,1,0,0,1.8907682910447674e-05,8.4541983279041307e-10,3.7745199308457920e-05,8.4370901568546155e-10,6,3456000,576000,1,srcmod2
0-4-2-1-3-5-0,0-5-3-1-2-4-0,0,24000000,1,4.6079999999999998e-04,5.2372159234328379e-03,5.2644009019999997e-03,1.0051907309082919e+00,18192,0,0,0,0,0,0,0,60,60,1,0,0,1.8907682910447674e-05,8.4541983279041307e-10,3.7745199308457920e-05,8.4370901568546155e-10,6,3456000,576000,1,srcmod2
0-4-2-1-5-3-0,0-3-5-1-2-4-0,0,24000000,1,4.6079999999999998e-04,5.2372159234328379e-03,5.2644009019999997e-03,1.0051907309082919e+00,18192,0,0,0,0,0,0,0,60,60,1,0,0,1.8907682910447674e-05,8.4541983279041307e-10,3.7745199308457920e-05,8.4370901568546155e-10,6,3456000,576000,1,srcmod2
0-4-2-3-1-5-0,0-5-1-3-2-4-0,1,22000000,2,9.2159999999999996e-04,5.2372159234328379e-03,9.6898462159999994e-03,1.8501903220458773e+00,571224,0,0,0,0,0,0,0,60,60,1,0,0,1.8907682910447674e-05,8.4541983279041307e-10,3.7745199308457920e-05,8.4370901568546155e-10,6,3456000,576000,1,srcmod2
0-4-2-3-5-1-0,0-1-5-3-2-4-0,2,20000000,1,4.6079999999999998e-04,5.2372159234328379e-03,5.2631980420000000e-03,1.0049610554437731e+00,18192,0,0,0,0,0,0,0,60,60,1,0,0,1.8907682910447674e-05,8.4541983279041307e-10,3.7745199308457920e-05,8.4370901568546155e-10,6,3456000,576000,1,srcmod2
0-4-2-5-1-3-0,0-3-1-5-2-4-0,0,24000000,2,9.2159999999999996e-04,5.2372159234328379e-03,9.6899362400000005e-03,1.8502075113314285e+00,571224,0,0,0,0,0,0,0,60,60,1,0,0,1.8907682910447674e-05,8.4541983279041307e-10,3.7745199308457920e-05,8.4370901568546155e-10,6,3456000,576000,1,srcmod2
0-4-2-5-3-1-0,0-1-3-5-2-4-0,1,22000000,2,9.2159999999999996e-04,5.2372159234328379e-03,9.6886094870000002e-03,1.8499541795957513e+00,571224,0,0,0,0,0,0,0,60,60,1,0,0,1.8907682910447674e-05,8.4541983279041307e-10,3.7745199308457920e-05,8.4370901568546155e-10,6,3456000,576000,1,srcmod2
0-4-3-1-2-5-0,0-5-2-1-3-4-0,0,24000000,2,9.2159999999999996e-04,5.2372159234328379e-03,9.6897371370000002e-03,1.8501694943768270e+00,571160,0,0,0,0,0,0,0,60,60,1,0,0,1.8907682910447674e-05,8.4541983279041307e-10,3.7745199308457920e-05,8.4370901568546155e-10,6,3456000,576000,1,srcmod2
0-4-3-1-5-2-0,0-2-5-1-3-4-0,0,24000000,1,4.6079999999999998e-04,5.2372159234328379e-03,5.2637806710000004e-03,1.0050723032915836e+00,18192,0,0,0,0,0,0,0,60,60,1,0,0,1.8907682910447674e-05,8.4541983279041307e-10,3.7745199308457920e-05,8.4370901568546155e-10,6,3456000,576000,1,srcmod2
0-4-3-2-1-5-0,0-5-1-2-3-4-0,1,22000000,1,4.6079999999999998e-04,5.2372159234328379e-03,5.2739597629999999e-03,1.0070159107633427e+00,18192,0,0,0,0,0,0,0,60,60,1,0,0,1.8907682910447674e-05,8.4541983279041307e-10,3.7745199308457920e-05,8.4370901568546155e-10,6,3456000,576000,1,srcmod2
0-4-3-2-5-1-0,0-1-5-2-3-4-0,2,20000000,2,9.2159999999999996e-04,5.2372159234328379e-03,9.6883753220000004e-03,1.8499094678627572e+00,571160,0,0,0,0,0,0,0,60,60,1,0,0,1.8907682910447674e-05,8.4541983279041307e-10,3.7745199308457920e-05,8.4370901568546155e-10,6,3456000,576000,1,srcmod2
0-4-3-5-1-2-0,0-2-1-5-3-4-0,0,24000000,1,4.6079999999999998e-04,5.2372159234328379e-03,5.2637806710000004e-03,1.0050723032915836e+00,18192,0,0,0,0,0,0,0,60,60,1,0,0,1.8907682910447674e-05,8.4541983279041307e-10,3.7745199308457920e-05,8.4370901568546155e-10,6,3456000,576000,1,srcmod2
0-4-3-5-2-1-0,0-1-2-5-3-4-0,1,22000000,1,4.6079999999999998e-04,5.2372159234328379e-03,5.2630097840000003e-03,1.0049251092458786e+00,18192,0,0,0,0,0,0,0,60,60,1,0,0,1.8907682910447674e-05,8.4541983279041307e-10,3.7745199308457920e-05,8.4370901568546155e-10,6,3456000,576000,1,srcmod2
0-4-5-1-2-3-0,0-3-2-1-5-4-0,2,20000000,2,9.2159999999999996e-04,5.2372159234328379e-03,9.6878018809999997e-03,1.8497999743821782e+00,571160,0,0,0,0,0,0,0,60,60,1,0,0,1.8907682910447674e-05,8.4541983279041307e-10,3.7745199308457920e-05,8.4370901568546155e-10,6,3456000,576000,1,srcmod2
0-4-5-1-3-2-0,0-2-3-1-5-4-0,2,20000000,1,4.6079999999999998e-04,5.2372159234328379e-03,5.2635491039999998e-03,1.0050280876236817e+00,18192,0,0,0,0,0,0,0,60,60,1,0,0,1.8907682910447674e-05,8.4541983279041307e-10,3.7745199308457920e-05,8.4370901568546155e-10,6,3456000,576000,1,srcmod2
0-4-5-2-1-3-0,0-3-1-2-5-4-0,1,22000000,2,9.2159999999999996e-04,5.2372159234328379e-03,9.6888175949999995e-03,1.8499939159753547e+00,571224,0,0,0,0,0,0,0,60,60,1,0,0,1.8907682910447674e-05,8.4541983279041307e-10,3.7745199308457920e-05,8.4370901568546155e-10,6,3456000,576000,1,srcmod2
0-4-5-2-3-1-0,0-1-3-2-5-4-0,3,18000000,1,4.6079999999999998e-04,5.2372159234328379e-03,5.2534049030000000e-03,1.0030911422793793e+00,18192,0,0,0,0,0,0,0,60,60,1,1,0,1.8907682910447674e-05,8.4541983279041307e-10,3.7745199308457920e-05,8.4370901568546155e-10,6,3456000,576000,1,srcmod2
0-4-5-3-1-2-0,0-2-1-3-5-4-0,1,22000000,2,9.2159999999999996e-04,5.2372159234328379e-03,9.6888175949999995e-03,1.8499939159753547e+00,571224,0,0,0,0,0,0,0,60,60,1,0,0,1.8907682910447674e-05,8.4541983279041307e-10,3.7745199308457920e-05,8.4370901568546155e-10,6,3456000,576000,1,srcmod2
0-4-5-3-2-1-0,0-1-2-3-5-4-0,3,18000000,1,4.6079999999999998e-04,5.2372159234328379e-03,5.2553798309999998e-03,1.0034682372910941e+00,18192,0,0,0,0,0,0,0,60,60,1,1,0,1.8907682910447674e-05,8.4541983279041307e-10,3.7745199308457920e-05,8.4370901568546155e-10,6,3456000,576000,1,srcmod2
0-5-1-2-3-4-0,0-4-3-2-1-5-0,1,22000000,1,4.6079999999999998e-04,5.2372159234328379e-03,5.2640037820000001e-03,1.0051149043611713e+00,18192,0,0,0,0,0,0,0,60,60,1,0,0,1.8907682910447674e-05,8.4541983279041307e-10,3.7745199308457920e-05,8.4370901568546155e-10,6,3456000,576000,1,srcmod2
0-5-1-2-4-3-0,0-3-4-2-1-5-0,0,24000000,2,9.2159999999999996e-04,5.2372159234328379e-03,9.6893896030000003e-03,1.8501031358372744e+00,571160,0,0,0,0,0,0,0,60,60,1,0,0,1.8907682910447674e-05,8.4541983279041307e-10,3.7745199308457920e-05,8.4370901568546155e-10,6,3456000,576000,1,srcmod2
0-5-1-3-2-4-0,0-4-2-3-1-5-0,1,22000000,2,9.2159999999999996e-04,5.2372159234328379e-03,9.6890943350000005e-03,1.8500467570275563e+00,571224,0,0,0,0,0,0,0,60,60,1,0,0,1.8907682910447674e-05,8.4541983279041307e-10,3.7745199308457920e-05,8.4370901568546155e-10,6,3456000,576000,1,srcmod2
0-5-1-3-4-2-0,0-2-4-3-1-5-0,0,24000000,1,4.6079999999999998e-04,5.2372159234328379e-03,5.2675381470000003e-03,1.0057897600577230e+00,18192,0,0,0,0,0,0,0,60,60,1,0,0,1.8907682910447674e-05,8.4541983279041307e-10,3.7745199308457920e-05,8.4370901568546155e-10,6,3456000,576000,1,srcmod2
0-5-1-4-2-3-0,0-3-2-4-1-5-0,1,22000000,2,9.2159999999999996e-04,5.2372159234328379e-03,9.6889670370000000e-03,1.8500224506018024e+00,571160,0,0,0,0,0,0,0,60,60,1,0,0,1.8907682910447674e-05,8.4541983279041307e-10,3.7745199308457920e-05,8.4370901568546155e-10,6,3456000,576000,1,srcmod2
0-5-1-4-3-2-0,0-2-3-4-1-5-0,1,22000000,1,4.6079999999999998e-04,5.2372159234328379e-03,5.2656548599999999e-03,1.0054301630833891e+00,18192,0,0,0,0,0,0,0,60,60,1,0,0,1.8907682910447674e-05,8.4541983279041307e-10,3.7745199308457920e-05,8.4370901568546155e-10,6,3456000,576000,1,srcmod2
0-5-2-1-3-4-0,0-4-3-1-2-5-0,0,24000000,2,9.2159999999999996e-04,5.2372159234328379e-03,9.6902477729999999e-03,1.8502669957988545e+00,571224,0,0,0,0,0,0,0,60,60,1,0,0,1.8907682910447674e-05,8.4541983279041307e-10,3.7745199308457920e-05,8.4370901568546155e-10,6,3456000,576000,1,srcmod2
0-5-2-1-4-3-0,0-3-4-1-2-5-0,0,24000000,1,4.6079999999999998e-04,5.2372159234328379e-03,5.2699329079999996e-03,1.0062470184627630e+00,18192,0,0,0,0,0,0,0,60,60,1,0,0,1.8907682910447674e-05,8.4541983279041307e-10,3.7745199308457920e-05,8.4370901568546155e-10,6,3456000,576000,1,srcmod2
0-5-2-3-1-4-0,0-4-1-3-2-5-0,1,22000000,1,4.6079999999999998e-04,5.2372159234328379e-03,5.2582871650000002e-03,1.0040233669711580e+00,18192,0,0,0,0,0,0,0,60,60,1,0,0,1.8907682910447674e-05,8.4541983279041307e-10,3.7745199308457920e-05,8.4370901568546155e-10,6,3456000,576000,1,srcmod2
0-5-2-3-4-1-0,0-1-4-3-2-5-0,2,20000000,1,4.6079999999999998e-04,5.2372159234328379e-03,5.2633456870000003e-03,1.0049892469489849e+00,18192,0,0,0,0,0,0,0,60,60,1,0,0,1.8907682910447674e-05,8.4541983279041307e-10,3.7745199308457920e-05,8.4370901568546155e-10,6,3456000,576000,1,srcmod2
0-5-2-4-1-3-0,0-3-1-4-2-5-0,0,24000000,2,9.2159999999999996e-04,5.2372159234328379e-03,9.6908275080000005e-03,1.8503776910629939e+00,571224,0,0,0,0,0,0,0,60,60,1,0,0,1.8907682910447674e-05,8.4541983279041307e-10,3.7745199308457920e-05,8.4370901568546155e-10,6,3456000,576000,1,srcmod2
0-5-2-4-3-1-0,0-1-3-4-2-5-0,1,22000000,2,9.2159999999999996e-04,5.2372159234328379e-03,9.6881440320000008e-03,1.8498653050855527e+00,571224,0,0,0,0,0,0,0,60,60,1,0,0,1.8907682910447674e-05,8.4541983279041307e-10,3.7745199308457920e-05,8.4370901568546155e-10,6,3456000,576000,1,srcmod2
0-5-3-1-2-4-0,0-4-2-1-3-5-0,0,24000000,2,9.2159999999999996e-04,5.2372159234328379e-03,9.6907028459999999e-03,1.8503538879580956e+00,571224,0,0,0,0,0,0,0,60,60,1,0,0,1.8907682910447674e-05,8.4541983279041307e-10,3.7745199308457920e-05,8.4370901568546155e-10,6,3456000,576000,1,srcmod2
0-5-3-1-4-2-0,0-2-4-1-3-5-0,0,24000000,1,4.6079999999999998e-04,5.2372159234328379e-03,5.2675381470000003e-03,1.0057897600577230e+00,18192,0,0,0,0,0,0,0,60,60,1,0,0,1.8907682910447674e-05,8.4541983279041307e-10,3.7745199308457920e-05,8.4370901568546155e-10,6,3456000,576000,1,srcmod2
0-5-3-2-1-4-0,0-4-1-2-3-5-0,1,22000000,2,9.2159999999999996e-04,5.2372159234328379e-03,9.6889451539999994e-03,1.8500182722367473e+00,571160,0,0,0,0,0,0,0,60,60,1,0,0,1.8907682910447674e-05,8.4541983279041307e-10,3.7745199308457920e-05,8.4370901568546155e-10,6,3456000,576000,1,srcmod2
0-5-3-2-4-1-0,0-1-4-2-3-5-0,2,20000000,2,9.2159999999999996e-04,5.2372159234328379e-03,9.6892588559999993e-03,1.8500781708555145e+00,571160,0,0,0,0,0,0,0,60,60,1,0,0,1.8907682910447674e-05,8.4541983279041307e-10,3.7745199308457920e-05,8.4370901568546155e-10,6,3456000,576000,1,srcmod2
0-5-3-4-1-2-0,0-2-1-4-3-5-0,0,24000000,2,9.2159999999999996e-04,5.2372159234328379e-03,9.6891229079999995e-03,1.8500522127888648e+00,571160,0,0,0,0,0,0,0,60,60,1,0,0,1.8907682910447674e-05,8.4541983279041307e-10,3.7745199308457920e-05,8.4370901568546155e-10,6,3456000,576000,1,srcmod2
0-5-3-4-2-1-0,0-1-2-4-3-5-0,1,22000000,1,4.6079999999999998e-04,5.2372159234328379e-03,5.2587868790000001e-03,1.0041187829340104e+00,18192,0,0,0,0,0,0,0,60,60,1,0,0,1.8907682910447674e-05,8.4541983279041307e-10,3.7745199308457920e-05,8.4370901568546155e-10,6,3456000,576000,1,srcmod2
0-5-4-1-2-3-0,0-3-2-1-4-5-0,2,20000000,1,4.6079999999999998e-04,5.2372159234328379e-03,5.2642817219999997e-03,1.0051679745427453e+00,18192,0,0,0,0,0,0,0,60,60,1,0,0,1.8907682910447674e-05,8.4541983279041307e-10,3.7745199308457920e-05,8.4370901568546155e-10,6,3456000,576000,1,srcmod2
0-5-4-1-3-2-0,0-2-3-1-4-5-0,2,20000000,2,9.2159999999999996e-04,5.2372159234328379e-03,9.6882375989999995e-03,1.8498831708755767e+00,571160,0,0,0,0,0,0,0,60,60,1,0,0,1.8907682910447674e-05,8.4541983279041307e-10,3.7745199308457920e-05,8.4370901568546155e-10,6,3456000,576000,1,srcmod2
0-5-4-2-1-3-0,0-3-1-2-4-5-0,1,22000000,1,4.6079999999999998e-04,5.2372159234328379e-03,5.2614008920000002e-03,1.0046179055667634e+00,18192,0,0,0,0,0,0,0,60,60,1,0,0,1.8907682910447674e-05,8.4541983279041307e-10,3.7745199308457920e-05,8.4370901568546155e-10,6,3456000,576000,1,srcmod2
0-5-4-2-3-1-0,0-1-3-2-4-5-0,3,18000000,1,4.6079999999999998e-04,5.2372159234328379e-03,5.2609189720000003e-03,1.0045258872106280e+00,18192,0,0,0,0,0,0,0,60,60,1,1,0,1.8907682910447674e-05,8.4541983279041307e-10,3.7745199308457920e-05,8.4370901568546155e-10,6,3456000,576000,1,srcmod2
0-5-4-3-1-2-0,0-2-1-3-4-5-0,1,22000000,1,4.6079999999999998e-04,5.2372159234328379e-03,5.2605026980000000e-03,1.0044464033768343e+00,18192,0,0,0,0,0,0,0,60,60,1,0,0,1.8907682910447674e-05,8.4541983279041307e-10,3.7745199308457920e-05,8.4370901568546155e-10,6,3456000,576000,1,srcmod2
0-5-4-3-2-1-0,0-1-2-3-4-5-0,3,18000000,1,4.6079999999999998e-04,5.2372159234328379e-03,5.2608846290000000e-03,1.0045193297189183e+00,18192,0,0,0,0,0,0,0,60,60,1,1,1,1.8907682910447674e-05,8.4541983279041307e-10,3.7745199308457920e-05,8.4370901568546155e-10,6,3456000,576000,1,srcmod2
